{
  "camera_extrinsic": [
    0.6092833280563354,
    -0.7714654207229614,
    0.18334388732910156,
    -1.8515162467956543,
    -0.7920976877212524,
    -0.602867841720581,
    0.09555936604738235,
    2.9508988857269287,
    0.03681139647960663,
    -0.20344899594783783,
    -0.9783933162689209,
    2.101430892944336,
    0.0,
    0.0,
    0.0,
    1.0
  ],
  "camera_intrinsic": [
    516.3068672158629,
    0.0,
    326.16765417451467,
    0.0,
    517.1168062938868,
    203.9323911043929,
    0.0,
    0.0,
    1.0
  ],
  "camera_distortion_coefficients": [
    -0.4863467466754049,
    0.2922829224083515,
    -0.0041229801520734286,
    -0.0010267162507219066,
    -0.09457858855727375
  ],
  "lidar_extrinsic": [
    1.0,
    0.0,
    0.0,
    0.0,
    0.0,
    -1.0,
    0.0,
    0.0,
    0.0,
    0.0,
    -1.0,
    0.0,
    0.0,
    0.0,
    0.0,
    1.0
  ],
  "target_path": "data/d1"
}