{
  "camera_extrinsic": [
    -0.3424217104911804,
    0.0762624517083168,
    -0.9364461898803711,
    -0.399741530418396,
    0.33294910192489624,
    0.9418683648109436,
    -0.045042432844638824,
    -1.2052861452102661,
    0.878574013710022,
    -0.3272124230861664,
    -0.347907692193985,
    0.3820614814758301,
    0.0,
    0.0,
    0.0,
    1.0
  ],
  "camera_intrinsic": [
    [
      489.74105425984914,
      0.0,
      319.5
    ],
    [
      0.0,
      490.20810711450406,
      239.5
    ],
    [
      0.0,
      0.0,
      1.0
    ]
  ],
  "camera_distortion_coefficients": [
    [
      -0.4542016814587028,
      0.2789780531300938,
      -0.019513308320882182,
      0.0007367300763676931,
      -0.09003606113831247
    ]
  ],
  "lidar_extrinsic": [
    1.0,
    0.0,
    0.0,
    0.0,
    0.0,
    -1.0,
    0.0,
    0.0,
    0.0,
    0.0,
    -1.0,
    0.0,
    0.0,
    0.0,
    0.0,
    1.0
  ],
  "target_path": "data/d1"
}