{
  "camera_extrinsic": [
    0.6083881855010986,
    -0.7720831632614136,
    0.1837155818939209,
    -1.8483449220657349,
    -0.7927830815315247,
    -0.6019765138626099,
    0.09549489617347717,
    2.9524197578430176,
    0.03686246648430824,
    -0.203744575381279,
    -0.9783298373222351,
    2.101180076599121,
    0.0,
    0.0,
    0.0,
    1.0
  ],
  "camera_intrinsic": [
    516.3067982108182,
    0.0,
    326.16766246186114,
    0.0,
    517.1167321418947,
    203.93238345578152,
    0.0,
    0.0,
    1.0
  ],
  "camera_distortion_coefficients": [
    -0.4863466822350084,
    0.2922830043101227,
    -0.004122986665059305,
    -0.001026716741013977,
    -0.09457866956559877
  ],
  "lidar_extrinsic": [
    1.0,
    0.0,
    0.0,
    0.0,
    0.0,
    -1.0,
    0.0,
    0.0,
    0.0,
    0.0,
    -1.0,
    0.0,
    0.0,
    0.0,
    0.0,
    1.0
  ],
  "target_path": "data/d1"
}