{
  "camera_extrinsic": [
    0.6064842343330383,
    -0.7774595022201538,
    0.16653405129909515,
    -1.8156263828277588,
    -0.7945736646652222,
    -0.5850549340248108,
    0.16236832737922668,
    2.8043763637542725,
    -0.02880324237048626,
    -0.2307973951101303,
    -0.9725754261016846,
    2.191953420639038,
    0.0,
    0.0,
    0.0,
    1.0
  ],
  "camera_intrinsic": [
    213.22828325970036,
    0.0,
    307.99774412891884,
    0.0,
    215.05128271354397,
    218.19106322467297,
    0.0,
    0.0,
    1.0
  ],
  "camera_distortion_coefficients": [
    -0.10605035596077478,
    0.11743321189554895,
    -0.010417479351029131,
    0.003910844652375824,
    -0.12742005399843656
  ],
  "lidar_extrinsic": [
    1.0,
    0.0,
    0.0,
    0.0,
    0.0,
    -1.0,
    0.0,
    0.0,
    0.0,
    0.0,
    -1.0,
    0.0,
    0.0,
    0.0,
    0.0,
    1.0
  ],
  "target_path": "data/d1"
}