{
  "camera_extrinsic": [
    -0.9777693748474121,
    0.20313379168510437,
    0.05199771001935005,
    1.911609411239624,
    0.020659012719988823,
    0.34010106325149536,
    -0.940161943435669,
    -0.5845078229904175,
    -0.20866313576698303,
    -0.9181873202323914,
    -0.33673691749572754,
    2.563673973083496,
    0.0,
    0.0,
    0.0,
    1.0
  ],
  "camera_intrinsic": [
    641.0308344961991,
    0.0,
    343.4226052091193,
    0.0,
    640.888660794135,
    212.3908419652066,
    0.0,
    0.0,
    1.0
  ],
  "camera_distortion_coefficients": [
    0.1886972796553436,
    0.6931285160831229,
    -0.006238540420087074,
    -0.01353629451844532,
    -11.389986231061258,
    0.6181125308423052,
    2.757080132442537,
    -17.582574477141304,
    0.0,
    0.0,
    0.0,
    0.0,
    0.0,
    0.0
  ],
  "lidar_extrinsic": [
    1.0,
    0.0,
    0.0,
    0.0,
    0.0,
    -1.0,
    0.0,
    0.0,
    0.0,
    0.0,
    -1.0,
    0.0,
    0.0,
    0.0,
    0.0,
    1.0
  ],
  "target_path": "data/extr"
}