{
  "camera_extrinsic": [
    -0.05987284,  0.99741233,  0.03979817,  0.55906302,
    -0.01204967, -0.04058897,  0.99910327,  0.82841036,
    0.99813328,   0.0593396,   0.01444867, -0.35562272,
    0.0          ,   0.0          ,   0.0          ,   1.0
  ],
  "camera_intrinsic": [
    516.3068672158629,
    0.0,
    326.16765417451467,
    0.0,
    517.1168062938868,
    203.9323911043929,
    0.0,
    0.0,
    1.0
  ],
  "camera_distortion_coefficients": [
    -0.4863467466754049,
    0.2922829224083515,
    -0.0041229801520734286,
    -0.0010267162507219066,
    -0.09457858855727375
  ],
  "lidar_extrinsic": [
    1.0,
    0.0,
    0.0,
    0.0,
    0.0,
    -1.0,
    0.0,
    0.0,
    0.0,
    0.0,
    -1.0,
    0.0,
    0.0,
    0.0,
    0.0,
    1.0
  ],
  "target_path": "data/d4"
}