{
  "camera_extrinsic": [
    0.6083881855010986,
    -0.7720831632614136,
    0.1837155818939209,
    -1.8483449220657349,
    -0.7927830815315247,
    -0.6019765138626099,
    0.09549489617347717,
    2.9524197578430176,
    0.03686246648430824,
    -0.203744575381279,
    -0.9783298373222351,
    2.101180076599121,
    0.0,
    0.0,
    0.0,
    1.0
  ],
  "camera_intrinsic": [
    516.3068672158629,
    0.0,
    326.16765417451467,
    0.0,
    517.1168062938868,
    203.9323911043929,
    0.0,
    0.0,
    1.0
  ],
  "camera_distortion_coefficients": [
    -0.4863467466754049,
    0.2922829224083515,
    -0.0041229801520734286,
    -0.0010267162507219066,
    -0.09457858855727375
  ],
  "lidar_extrinsic": [
    1.0,
    0.0,
    0.0,
    0.0,
    0.0,
    -1.0,
    0.0,
    0.0,
    0.0,
    0.0,
    -1.0,
    0.0,
    0.0,
    0.0,
    0.0,
    1.0
  ],
  "target_path": "data/d1"
}