{
  "camera_extrinsic": [
    0.057013723999261856,
    -0.6960944533348083,
    0.715682864189148,
    0.1797550767660141,
    0.9981167316436768,
    0.05599519610404968,
    -0.025050772354006767,
    -2.317999839782715,
    -0.022637099027633667,
    0.71576327085495,
    0.6979759931564331,
    1.9704627990722656,
    0.0,
    0.0,
    0.0,
    1.0
  ],
  "camera_intrinsic": [
    641.0308344961991,
    0.0,
    343.4226052091193,
    0.0,
    640.888660794135,
    212.3908419652066,
    0.0,
    0.0,
    1.0
  ],
  "cmaera_distortion_coefficients": [
    0.1886972796553436,
    0.6931285160831229,
    -0.006238540420087074,
    -0.01353629451844532,
    -11.389986231061258,
    0.6181125308423052,
    2.757080132442537,
    -17.582574477141304,
    0.0,
    0.0,
    0.0,
    0.0,
    0.0,
    0.0
  ],
  "lidar_extrinsic": [
    1.0,
    0.0,
    0.0,
    0.0,
    0.0,
    -1.0,
    0.0,
    0.0,
    0.0,
    0.0,
    -1.0,
    0.0,
    0.0,
    0.0,
    0.0,
    1.0
  ],
  "target_path": "data/extr"
}