{
  "camera_extrinsic": [
    0.013290290720760822,
    -0.8976152539253235,
    0.44057944416999817,
    -3.0628647804260254,
    0.9989304542541504,
    0.03143390268087387,
    0.033908694982528687,
    -0.419014573097229,
    -0.0442860946059227,
    0.4396575689315796,
    0.897072970867157,
    3.8270297050476074,
    0.0,
    0.0,
    0.0,
    1.0
  ],
  "camera_intrinsic": [
    641.0308344961991,
    0.0,
    343.4226052091193,
    0.0,
    640.888660794135,
    212.3908419652066,
    0.0,
    0.0,
    1.0
  ],
  "camera_distortion_coefficients": [
    0.1886972796553436,
    0.6931285160831229,
    -0.006238540420087074,
    -0.01353629451844532,
    -11.389986231061258,
    0.6181125308423052,
    2.757080132442537,
    -17.582574477141304,
    0.0,
    0.0,
    0.0,
    0.0,
    0.0,
    0.0
  ],
  "lidar_extrinsic": [
    1.0,
    0.0,
    0.0,
    0.0,
    0.0,
    -1.0,
    0.0,
    0.0,
    0.0,
    0.0,
    -1.0,
    0.0,
    0.0,
    0.0,
    0.0,
    1.0
  ],
  "target_path": "data/ann"
}