{
  "camera_extrinsic": [
    -0.6456071138381958,
    -0.7475266456604004,
    -0.15619012713432312,
    0.6619739532470703,
    0.3222460150718689,
    -0.08124329149723053,
    -0.9431633353233337,
    0.06598041951656342,
    0.6923503279685974,
    -0.6592445969581604,
    0.29333874583244324,
    -0.05278850719332695,
    0.0,
    0.0,
    0.0,
    1.0
  ],
  "camera_intrinsic": [
    516.3068672158629,
    0.0,
    326.16765417451467,
    0.0,
    517.1168062938868,
    203.9323911043929,
    0.0,
    0.0,
    1.0
  ],
  "camera_distortion_coefficients": [
    -0.4863467466754049,
    0.2922829224083515,
    -0.0041229801520734286,
    -0.0010267162507219066,
    -0.09457858855727375
  ],
  "lidar_extrinsic": [
    1.0,
    0.0,
    0.0,
    0.0,
    0.0,
    -1.0,
    0.0,
    0.0,
    0.0,
    0.0,
    -1.0,
    0.0,
    0.0,
    0.0,
    0.0,
    1.0
  ],
  "target_path": "data/d1"
}