{
  "camera_extrinsic": [
    -0.08847365528345108,
    -0.18447808921337128,
    -0.9788463711738586,
    -0.04847491905093193,
    0.9960350394248962,
    -0.02556866966187954,
    -0.0852084681391716,
    -3.3692476749420166,
    -0.009308705106377602,
    -0.9825040102005005,
    0.18600879609584808,
    2.9188027381896973,
    0.0,
    0.0,
    0.0,
    1.0
  ],
  "camera_intrinsic": [
    516.3068672158629,
    0.0,
    326.16765417451467,
    0.0,
    517.1168062938868,
    203.9323911043929,
    0.0,
    0.0,
    1.0
  ],
  "camera_distortion_coefficients": [
    -0.4863467466754049,
    0.2922829224083515,
    -0.0041229801520734286,
    -0.0010267162507219066,
    -0.09457858855727375
  ],
  "lidar_extrinsic": [
    1.0,
    0.0,
    0.0,
    0.0,
    0.0,
    -1.0,
    0.0,
    0.0,
    0.0,
    0.0,
    -1.0,
    0.0,
    0.0,
    0.0,
    0.0,
    1.0
  ],
  "target_path": "data/d1"
}