{
  "camera_extrinsic": [
    -0.03443765640258789,
    0.9985774755477905,
    0.04070693999528885,
    0.4683811068534851,
    0.41608110070228577,
    -0.02270784229040146,
    0.9090439677238464,
    -0.7304226160049438,
    0.9086751937866211,
    0.048242732882499695,
    -0.414707213640213,
    -0.17222632467746735,
    0.0,
    0.0,
    0.0,
    1.0
  ],
  "camera_intrinsic": [
    516.3068672158629,
    0.0,
    326.16765417451467,
    0.0,
    517.1168062938868,
    203.9323911043929,
    0.0,
    0.0,
    1.0
  ],
  "camera_distortion_coefficients": [
    -0.4863467466754049,
    0.2922829224083515,
    -0.0041229801520734286,
    -0.0010267162507219066,
    -0.09457858855727375
  ],
  "lidar_extrinsic": [
    1.0,
    0.0,
    0.0,
    0.0,
    0.0,
    -1.0,
    0.0,
    0.0,
    0.0,
    0.0,
    -1.0,
    0.0,
    0.0,
    0.0,
    0.0,
    1.0
  ],
  "target_path": "data/d4"
}