{
  "camera_extrinsic": [
    -0.3424217104911804,
    0.0762624517083168,
    -0.9364461898803711,
    -0.399741530418396,
    0.33294910192489624,
    0.9418683648109436,
    -0.045042432844638824,
    -1.2052861452102661,
    0.878574013710022,
    -0.3272124230861664,
    -0.347907692193985,
    0.3820614814758301,
    0.0,
    0.0,
    0.0,
    1.0
  ],
  "camera_intrinsic": [
    641.0308344961991,
    0.0,
    343.4226052091193,
    0.0,
    640.888660794135,
    212.3908419652066,
    0.0,
    0.0,
    1.0
  ],
  "camera_distortion_coefficients": [
    0.1886972796553436,
    0.6931285160831229,
    -0.006238540420087074,
    -0.01353629451844532,
    -11.389986231061258,
    0.6181125308423052,
    2.757080132442537,
    -17.582574477141304,
    0.0,
    0.0,
    0.0,
    0.0,
    0.0,
    0.0
  ],
  "lidar_extrinsic": [
    1.0,
    0.0,
    0.0,
    0.0,
    0.0,
    -1.0,
    0.0,
    0.0,
    0.0,
    0.0,
    -1.0,
    0.0,
    0.0,
    0.0,
    0.0,
    1.0
  ],
  "target_path": "data/d3"
}