{
  "camera_extrinsic": [
    0.05057419836521149,
    -0.37862762808799744,
    -0.9241663217544556,
    -0.7225775122642517,
    0.9964442253112793,
    -0.04330787807703018,
    0.07227262854576111,
    -2.211038589477539,
    -0.06738809496164322,
    -0.92453533411026,
    0.3750910460948944,
    2.8286077976226807,
    0.0,
    0.0,
    0.0,
    1.0
  ],
  "camera_intrinsic": [
    641.0308344961991,
    0.0,
    343.4226052091193,
    0.0,
    640.888660794135,
    212.3908419652066,
    0.0,
    0.0,
    1.0
  ],
  "camera_distortion_coefficients": [
    0.1886972796553436,
    0.6931285160831229,
    -0.006238540420087074,
    -0.01353629451844532,
    -11.389986231061258,
    0.6181125308423052,
    2.757080132442537,
    -17.582574477141304,
    0.0,
    0.0,
    0.0,
    0.0,
    0.0,
    0.0
  ],
  "lidar_extrinsic": [
    1.0,
    0.0,
    0.0,
    0.0,
    0.0,
    -1.0,
    0.0,
    0.0,
    0.0,
    0.0,
    -1.0,
    0.0,
    0.0,
    0.0,
    0.0,
    1.0
  ],
  "target_path": "data/extr"
}