{
  "camera_extrinsic": [
    0.0010602363618090749,
    -0.9985489249229431,
    -0.05384213104844093,
    0.09855921566486359,
    0.024636337533593178,
    0.0538518987596035,
    -0.9982450008392334,
    -0.5685400366783142,
    0.999695897102356,
    -0.0002680972684174776,
    0.024657683447003365,
    -0.1373271495103836,
    0.0,
    0.0,
    0.0,
    1.0
  ],
  "camera_intrinsic": [
    516.3068672158629,
    0.0,
    326.16765417451467,
    0.0,
    517.1168062938868,
    203.9323911043929,
    0.0,
    0.0,
    1.0
  ],
  "camera_distortion_coefficients": [
    -0.4863467466754049,
    0.2922829224083515,
    -0.0041229801520734286,
    -0.0010267162507219066,
    -0.09457858855727375
  ],
  "lidar_extrinsic": [
    1.0,
    0.0,
    0.0,
    0.0,
    0.0,
    -1.0,
    0.0,
    0.0,
    0.0,
    0.0,
    -1.0,
    0.0,
    0.0,
    0.0,
    0.0,
    1.0
  ],
  "target_path": "data/d1"
}