scene,latlng,latlng_cn
scene-000000,1630376940.000.json,"114.01386080140,22.60864561692","114.01889457347973,22.60582722548355"
scene-000001,1630376960.000.json,"114.01477934874,22.61030168005","114.01981547182604,22.6074862503989"
scene-000002,1630377005.000.json,"114.01685084473,22.61210890952","114.02189210363841,22.609299828828227"
scene-000003,1630377025.000.json,"114.01728234325,22.61228932847","114.02232465150065,22.609481532776865"
scene-000004,1630374714.000.json,"113.99975701278,22.59859672465","114.00475478408646,22.595734455447943"
scene-000005,1630374724.000.json,"113.99905183782,22.59812747822","114.00404779138213,22.595263004735617"
scene-000006,1630374744.000.json,"113.99769983056,22.59726198292","114.00269230262134,22.594393290088263"
scene-000007,1630374764.000.json,"113.99677820894,22.59663167148","114.001768307165,22.59376009934229"
scene-000008,1630374790.000.json,"113.99520644238,22.59561945836","114.00019250217396,22.592742991066807"
scene-000009,1630374810.000.json,"113.99508268641,22.59553801825","114.00006842851982,22.59266116572365"
scene-000010,1630374840.000.json,"113.99494144420,22.59449103180","113.99992676256926,22.591613610737515"
scene-000011,1630374860.000.json,"113.99525690541,22.59361192372","114.00024296373313,22.590735338546253"
scene-000012,1630374880.000.json,"113.99487934725,22.59318085115","113.99986442479367,22.59030306717904"
scene-000013,1630374924.000.json,"113.99159532720,22.59191292147","113.99657206565539,22.58902507272332"
scene-000014,1630374945.000.json,"113.98970470524,22.59118866681","113.99467667766434,22.588295057760746"
scene-000015,1630374965.000.json,"113.98854158509,22.59075464653","113.99351064199004,22.587857510385575"
scene-000016,1630374985.000.json,"113.98850370009,22.59074461858","113.9934726625125,22.58784736829832"
scene-000017,1630375009.000.json,"113.98714009718,22.59021493260","113.9921056583353,22.58731356188546"
scene-000018,1630375036.000.json,"113.98531222404,22.58951528159","113.99027326010255,22.586608420871556"
scene-000019,1630375114.000.json,"113.98357937152,22.58885220900","113.98853615760983,22.585940181616888"
scene-000020,1630375140.000.json,"113.98306472474,22.58866104992","113.9880202571331,22.585747496541515"
scene-000021,1630375290.000.json,"113.98018264875,22.58752092515","113.98513123197154,22.584598889385894"
scene-000022,1630375340.000.json,"113.97940064731,22.58749758922","113.98434738723043,22.584573310518437"
scene-000023,1630375370.000.json,"113.97887776837,22.58750866522","113.98382328358625,22.584582895862255"
scene-000024,1630375390.000.json,"113.97843659347,22.58751911225","113.9833810793271,22.584592088958185"
scene-000025,1630375430.000.json,"113.97830970724,22.58752101929","113.9832538976458,22.58459363584625"
scene-000026,1630375455.000.json,"113.97699355487,22.58757459426","113.98193470102046,22.58464349637327"
scene-000027,1630375645.000.json,"113.96510117206,22.58577930836","113.97001645108313,22.582816033705175"
scene-000028,1630375682.000.json,"113.96252833366,22.58590232210","113.96743854699793,22.582932615616723"
scene-000029,1630375704.000.json,"113.96073909266,22.58564394831","113.9656458810223,22.5826698384393"
scene-000030,1630375800.000.json,"113.95833670164,22.58497861432","113.96323903332296,22.581998704860073"
scene-000031,1630375834.000.json,"113.95588722304,22.58440349697","113.96078521731509,22.58141787447246"
scene-000032,1630375900.000.json,"113.95544726361,22.58415943589","113.96034449199675,22.581172790865548"
scene-000033,1630375920.000.json,"113.95541401316,22.58382385980","113.96031116380297,22.58083709932003"
scene-000034,1630376020.000.json,"113.96030494501,22.58479448989","113.96521086764548,22.581819229347925"
scene-000035,1630376050.000.json,"113.96030690797,22.58479364218","113.965212834208,22.58181838625253"
scene-000036,1630376070.000.json,"113.96030604361,22.58479159049","113.96521196810751,22.581816332234094"
scene-000037,1630376090.000.json,"113.96077640093,22.58491366547","113.96568321289712,22.581939556054234"
scene-000038,1630376111.000.json,"113.96258804859,22.58529176876","113.96749833857511,22.58232213452102"
scene-000039,1630376137.000.json,"113.96524450267,22.58517622998","113.97016003171767,22.582213245626956"
scene-000040,1630376256.000.json,"113.97699334421,22.58704824529","113.9819344562682,22.58411708077221"
scene-000041,1630376276.000.json,"113.97975727507,22.58708081877","113.98470482696963,22.58415750807933"
scene-000042,1630376290.000.json,"113.98129893760,22.58732418370","113.9862501556153,22.584405337850228"
scene-000043,1630376380.000.json,"113.98243020721,22.58772492084","113.98738415454172,22.584809402625137"
scene-000044,1630376435.000.json,"113.98542847999,22.58880007131","113.9903897539967,22.5858934614691"
scene-000045,1630376472.000.json,"113.98763663245,22.58964000467","113.99260338061596,22.58674003314196"
scene-000046,1630376540.000.json,"113.98869382540,22.59003751772","113.99366321357363,22.58714074235302"
scene-000047,1630376560.000.json,"113.99030783301,22.59065623432","113.99528127364783,22.587764360331906"
scene-000048,1630376580.000.json,"113.99201075882,22.59130758261","113.99698849927583,22.588420903059596"
scene-000049,1630376645.000.json,"113.99556755111,22.59266003689","114.00055433295536,22.589784264779333"
scene-000050,1630376665.000.json,"113.99725938748,22.59331722965","114.00225049074334,22.59044666720526"
scene-000051,1630376685.000.json,"113.99905436981,22.59423060343","114.0040500792851,22.59136560492679"
scene-000052,1630376705.000.json,"114.00033565322,22.59516083324","114.00533467045562,22.592299846472546"
scene-000053,1630376725.000.json,"114.00149154747,22.59638680241","114.00649357322523,22.593529488251836"
scene-000054,1630376745.000.json,"114.00261791403,22.59770223931","114.00762287749365,22.594848520907398"
scene-000055,1630378590.000.json,"114.02503295469,22.61970577752","114.03009383275123,22.616921241178904"
scene-000056,1630378619.000.json,"114.02484530230,22.62023287457","114.02990579041352,22.617447904614398"
scene-000057,1630378767.000.json,"114.02418280719,22.62344775028","114.02924200032605,22.620661476356815"
scene-000058,1630378810.000.json,"114.02429701739,22.62237037497","114.0293564005298,22.619584236869585"
scene-000059,1630378840.000.json,"114.02465235702,22.62058383407","114.0297124310117,22.617798385961756"
scene-000060,1630378860.000.json,"114.02465599035,22.62056665544","114.02971607146222,22.61778121457594"
scene-000061,1630378900.000.json,"114.02570208711,22.61768734082","114.03076434036421,22.614904324893654"
scene-000062,1630378950.000.json,"114.02407775546,22.61577208626","114.02913621189867,22.612984245949974"
scene-000063,1630378970.000.json,"114.02357209309,22.61549244123","114.02862937666224,22.612703140188955"
scene-000064,1630378990.000.json,"114.02260385336,22.61543210304","114.02765890736838,22.61264006794563"
scene-000065,1630379010.000.json,"114.02232863065,22.61515557506","114.02738303069573,22.61236271800326"
scene-000066,1630379070.000.json,"114.02349896566,22.61495126383","114.02855604673769,22.61216167081504"
scene-000067,1630379140.000.json,"114.02568435406,22.61623993821","114.03074647369391,22.6134566379624"
scene-000068,1630379160.000.json,"114.02662362131,22.61629370565","114.0316878419683,22.61351299968853"
scene-000069,1630379215.000.json,"114.02894917144,22.61282817881","114.0340182720362,22.610053238935173"
scene-000070,1630379260.000.json,"114.02715517269,22.61119777647","114.03222024099728,22.608417717085302"
scene-000071,1630379290.000.json,"114.02474872718,22.60977796714","114.02980831915148,22.606991054044173"
scene-000072,1630379364.000.json,"114.02090140654,22.61101512092","114.02595221685523,22.608217556533074"
scene-000073,1630379480.000.json,"114.01805962354,22.61277306769","114.02310382507142,22.609967605089302"
scene-000074,1630379500.000.json,"114.01682121143,22.61243550678","114.021862420091,22.609626390897816"
scene-000075,1630379520.000.json,"114.01531694847,22.61140635659","114.02035445121385,22.60859267830833"
scene-000076,1630379540.000.json,"114.01437384125,22.60990427447","114.01940894932571,22.607087589379024"
scene-000077,1630379600.000.json,"114.00957065564,22.60496121985","114.01459358222542,22.60212951058913"
scene-000078,1630379620.000.json,"114.00814114345,22.60340412444","114.01316039656217,22.600567897500824"
scene-000079,1630379640.000.json,"114.00676004141,22.60233026233","114.011775759024,22.59948972245484"
scene-000080,1630379684.000.json,"114.00404353180,22.60011243196","114.00905225698992,22.597263368834888"
scene-000081,1630379910.000.json,"113.99502660530,22.59553892172","114.00001220589786,22.59266189978218"
scene-000082,1630380180.000.json,"113.99002810213,22.60502630509","113.99500176691471,22.602135588100904"
scene-000083,1630380025.000.json,"113.99014070703,22.59603379805","113.995114075784,22.593142139637454"
scene-000084,1630380045.000.json,"113.99009229547,22.59786340287","113.99506566088523,22.594971851455902"
scene-000085,1630380120.000.json,"113.99035818447,22.60236639394","113.99533250150034,22.599476276249078"
scene-000086,1630380140.000.json,"113.98994537306,22.60367820024","113.99491874531209,22.600787037673687"
scene-000087,1631497118.000.json,"113.99379019110,22.60363676830","113.99877319411267,22.600757153871438"
scene-000088,1631497180.000.json,"113.99163595406,22.60181300131","113.99661342926537,22.59892663637331"
scene-000089,1631497230.000.json,"113.99192756792,22.60016280742","113.99690566787375,22.597277083252298"
scene-000090,1631497274.000.json,"113.99058944770,22.59908002819","113.9955641310124,22.59619013522721"
scene-000091,1631497308.000.json,"113.99030321844,22.59774123445","113.99527710179736,22.594850297415324"
scene-000092,1631497430.000.json,"113.99401722722,22.59599721178","113.99900031169298,22.593117203258345"
scene-000093,1631497495.000.json,"113.99317389537,22.59636198298","113.99815488054601,22.59347948076258"
scene-000094,1631497564.000.json,"113.99032366051,22.59722597193","113.99529756180615,22.594335024821078"
scene-000095,1631497605.000.json,"113.99049190164,22.59894392720","113.99546633278055,22.596053722907513"
scene-000096,1631497630.000.json,"113.99131870221,22.59944531135","113.99629523139676,22.596557656833983"
scene-000097,1631497670.000.json,"113.99202944515,22.60068912935","113.99700783426087,22.59780378622016"
scene-000098,1631497690.000.json,"113.99178527655,22.60130208685","113.99676309301844,22.59841609727077"
scene-000099,1631497742.000.json,"113.99033879506,22.60278633607","113.99531309066253,22.59989622109632"
scene-000100,1631497891.000.json,"113.99328061413,22.60538418868","113.99826244677762,22.602503294603522"
scene-000101,1631497948.000.json,"113.99523871294,22.60634456220","114.00022554300608,22.60346972323643"
scene-000102,1631497968.000.json,"113.99530742822,22.60662566524","114.00029444988489,22.60375107612032"
scene-000103,1631498019.000.json,"113.99561314642,22.60730547972","114.00060098409008,22.604431917396713"
scene-000104,1631498083.000.json,"113.99569459634,22.60660987923","114.00068259514993,22.603736458844317"
scene-000105,1631498120.000.json,"113.99547131065,22.60727108496","114.00045878774455,22.60439708841205"
scene-000106,1631498225.000.json,"113.99482456942,22.60728715902","113.99981041453037,22.6044112095404"
scene-000107,1631498245.000.json,"113.99494682266,22.60678179207","113.9999329438595,22.603906136125627"
scene-000108,1631498265.000.json,"113.99526553135,22.60655933192","114.00025244294001,22.603684606173005"
scene-000109,1631498330.000.json,"113.99437755053,22.60594440451","113.99936218179313,22.603066903455133"
scene-000110,1631498386.000.json,"113.99208643099,22.60515444494","113.9970652495094,22.602269921339875"
scene-000111,1631495509.000.json,"113.99336586002,22.60447125534","113.99834784851241,22.60159048343902"
scene-000112,1631495590.000.json,"113.99571278503,22.60291284091","114.00070059230868,22.60003893039432"
scene-000113,1631495625.000.json,"113.99740841190,22.60315929817","114.00240052490776,22.600290558157887"
scene-000114,1631495706.000.json,"113.99823065638,22.60570808270","114.00322501611225,22.602842209902796"
scene-000115,1631495830.000.json,"113.99840256130,22.60916936460","114.0033975792037,22.606304534975756"
scene-000116,1631495770.000.json,"113.99877252516,22.60726703723","114.00376835839363,22.604403040777882"
scene-000117,1631521475.000.json,"113.97374747440,22.62206381535","113.97868345703394,22.619128766909625"
scene-000118,1631521535.000.json,"113.97463853362,22.62360714659","113.97957661465384,22.620674819489427"
scene-000119,1631521575.000.json,"113.97710662548,22.62323107208","113.98205031041357,22.620305575957616"
scene-000120,1631523915.000.json,"113.97705092823,22.59305411350","113.98199255643821,22.59012388552873"
scene-000121,1631523960.000.json,"113.97961501913,22.59289573757","113.98456260783348,22.589972768965943"
scene-000122,1631524055.000.json,"113.98257099703,22.59382403625","113.98752567233801,22.590909719248632"
scene-000123,1631524152.000.json,"113.98504888611,22.59529942223","113.99000965037574,22.592392549872958"
scene-000124,1631521612.000.json,"113.97717442941,22.62420771926","113.98211833316518,22.62128258105507"
scene-000125,1631521657.000.json,"113.97636759139,22.62675306154","113.98130980304803,22.623826095529893"
scene-000126,1631521696.000.json,"113.97348002788,22.62648041088","113.97841569588002,22.623545384989622"
scene-000127,1631521838.000.json,"113.96805557014,22.63064992708","113.97297977209008,22.627701080140092"
scene-000128,1631522162.000.json,"113.95091356997,22.63558248585","113.95580674052772,22.632593892028"
scene-000129,1631522182.000.json,"113.94976776554,22.63727461306","113.9546593138448,22.634283959088513"
scene-000130,1631522222.000.json,"113.94923710131,22.64013559331","113.95412804748172,22.63714439576294"
scene-000131,1631522260.000.json,"113.94670951029,22.64020929204","113.95159687897664,22.637213087650842"
scene-000132,1631522315.000.json,"113.94317803598,22.63823066097","113.94806070674987,22.6352274710884"
scene-000133,1631522414.000.json,"113.94208003335,22.63603445549","113.94696124875236,22.633028898338235"
scene-000134,1631522639.000.json,"113.93505877776,22.62902494800","113.93993236518914,22.626006758827376"
scene-000135,1631522700.000.json,"113.93505873021,22.62902495651","113.9399323175984,22.626006767268855"
scene-000136,1631522755.000.json,"113.93454219749,22.62872999724","113.93941532394075,22.62571100067561"
scene-000137,1631522800.000.json,"113.93437666229,22.62589634006","113.93924946993046,22.622876607504654"
scene-000138,1631522860.000.json,"113.93470957429,22.62068223516","113.93958233258287,22.617662097785864"
scene-000139,1631522920.000.json,"113.93431566374,22.61308884878","113.9391876087477,22.610066906896567"
scene-000140,1631523105.000.json,"113.93260778996,22.60842525997","113.93747808120553,22.60540019615089"
scene-000141,1631523368.000.json,"113.94243952695,22.59593451020","113.94731862393445,22.592923122897584"
scene-000142,1631523695.000.json,"113.96128813560,22.59662409296","113.96619665753546,22.593652745169578"
scene-000143,1631523765.000.json,"113.96770067694,22.59559576144","113.97262190270725,22.59264045692885"
scene-000144,1631523825.000.json,"113.97236925714,22.59717464388","113.97730059360191,22.594232005376597"
scene-000145,1631617652.000.json,"113.98979757297,22.60422783872","113.9947706124498,22.601336314654542"
scene-000146,1631617725.000.json,"113.99149388497,22.60007104601","113.99647089270945,22.59718400581829"
scene-000147,1631617767.000.json,"113.99005352013,22.59776462826","113.99502678259776,22.594872947119008"
scene-000148,1631617800.000.json,"113.99005447099,22.59528545470","113.99502757688228,22.59239343643401"
scene-000149,1631617870.000.json,"113.98720248085,22.59506736479","113.99216850640552,22.59216682064736"
scene-000150,1631617890.000.json,"113.98720031969,22.59506749995","113.99216633993179,22.59216694941766"
scene-000151,1631617910.000.json,"113.98659000083,22.59521176411","113.99155452939249,22.592309425484494"
scene-000152,1631617990.000.json,"113.98336348856,22.59449457557","113.98832011437881,22.59158265697932"
scene-000153,1631618010.000.json,"113.98258501415,22.59387662700","113.98753972648053,22.59096235778655"
scene-000154,1631618040.000.json,"113.98222663069,22.59365539809","113.98718046925414,22.59074005822619"
scene-000156,1631618100.000.json,"113.97786011387,22.59291811363","113.98280360415538,22.589990152578835"
scene-000157,1631618120.000.json,"113.97708836567,22.59319942080","113.98203008942635,22.590269317580045"
scene-000158,1631618154.000.json,"113.97642907232,22.59570700516","113.98136944108454,22.59277538606666"
scene-000159,1631618194.000.json,"113.97369629468,22.59675782246","113.97863054730658,22.59381875654259"
scene-000160,1631618214.000.json,"113.97231672926,22.59721337541","113.97724795255387,22.594270599355376"
scene-000161,1631618234.000.json,"113.97108203609,22.59679972059","113.97601053390925,22.593853546580526"
scene-000162,1631618284.000.json,"113.96710110703,22.59566726812","113.97202109312158,22.59271041310075"
scene-000163,1631618370.000.json,"113.96077019966,22.59656320236","113.96567774083903,22.593590590028974"
scene-000164,1631618390.000.json,"113.96001091764,22.59642288675","113.96491703338165,22.593448428210877"
scene-000165,1631618410.000.json,"113.95892473373,22.59629755814","113.96382884783904,22.593320499476878"
scene-000166,1631618454.000.json,"113.95841893317,22.59633198641","113.96332213443232,22.59335374213865"
scene-000167,1631618485.000.json,"113.95737151988,22.59543016701","113.96227279639383,22.592449360555126"
scene-000169,1631618530.000.json,"113.95560761604,22.59400185090","113.9605057423148,22.591016823817466"
scene-000170,1631618600.000.json,"113.95079778234,22.59100152388","113.95568794416367,22.58800564865708"
scene-000171,1631618650.000.json,"113.95002368784,22.59083707996","113.95491266890562,22.58783957677833"
scene-000172,1631618680.000.json,"113.95002370944,22.59083705499","113.95491269053636,22.587839551849612"
scene-000173,1631618720.000.json,"113.95000422586,22.58905748553","113.95489306488084,22.586059713031396"
scene-000174,1631618740.000.json,"113.94980294361,22.58766303454","113.95469139378001,22.58466467117793"
scene-000175,1631618760.000.json,"113.94940774310,22.58690783587","113.95429556016165,22.583908569064327"
scene-000176,1631618800.000.json,"113.94691530827,22.58725844134","113.95179959812903,22.584254250068398"
scene-000177,1631618820.000.json,"113.94614488964,22.58713635950","113.95102812473593,22.58413066408014"
scene-000178,1631618840.000.json,"113.94493290844,22.58709755819","113.9498145427472,22.58408956136668"
scene-000179,1631618860.000.json,"113.94379990410,22.58708070886","113.94868009777002,22.58407061411045"
scene-000180,1631618930.000.json,"113.94324406082,22.58703115548","113.9481235646113,22.584020044581436"
scene-000181,1631618950.000.json,"113.94319418192,22.58642248012","113.94807358614628,22.58341120328198"
scene-000182,1631618970.000.json,"113.94321199343,22.58527305011","113.94809134658725,22.582261663364392"
scene-000183,1631618990.000.json,"113.94323069917,22.58420563085","113.94811000756472,22.58119414746595"
scene-000184,1631619130.000.json,"113.94324083807,22.58389217800","113.94812013900794,22.58088067490598"
scene-000185,1631619260.000.json,"113.94328749366,22.57845576223","113.94816650729715,22.575443704025165"
scene-000186,1631619295.000.json,"113.94327396158,22.57570180773","113.94815278417906,22.572689415600973"
scene-000187,1631619340.000.json,"113.94167499691,22.57524481779","113.9465518856434,22.572229535854824"
scene-000188,1631619360.000.json,"113.94141065355,22.57525071196","113.9462872381679,22.572234971022237"
scene-000189,1631619380.000.json,"113.94135702127,22.57525366451","113.94623354466115,22.572237830979258"
scene-000190,1631619400.000.json,"113.94108534129,22.57525723880","113.94596155569786,22.572240936743743"
scene-000191,1631619480.000.json,"113.93745822996,22.57530636174","113.9423306251406,22.572284090825082"
scene-000192,1631619540.000.json,"113.93701424129,22.57683298937","113.94188630479654,22.573810193761936"
scene-000193,1631619560.000.json,"113.93701219566,22.57692614351","113.94188426310932,22.57390335516576"
scene-000194,1631619580.000.json,"113.93699700795,22.57772220404","113.9418691112891,22.574699481794422"
scene-000195,1631619670.000.json,"113.93407786501,22.57873939397","113.93894743807488,22.57571243004189"
scene-000196,1631619780.000.json,"113.93271058417,22.58299846613","113.9375793437362,22.579970084289467"
scene-000197,1631619845.000.json,"113.93513973809,22.58335485799","113.94001050281842,22.58032997980122"
scene-000198,1631619885.000.json,"113.93739827977,22.58338575668","113.94227112804293,22.58036432286723"
scene-000199,1631620000.000.json,"113.94119454172,22.58349013364","113.94607140145229,22.580474969036732"
scene-000200,1631620220.000.json,"113.94389986920,22.58353427650","113.94877996299238,22.580523928829457"
scene-000201,1631620330.000.json,"113.94547233328,22.58355858018","113.950354447222,22.580551163552457"
scene-000202,1631620395.000.json,"113.94658316206,22.58357632560","113.95146676413218,22.58057103667207"
scene-000203,1631620642.000.json,"113.94914325237,22.58360351951","113.95403047158246,22.580603308754956"
scene-000204,1631620700.000.json,"113.95416773053,22.58362945781","113.95906278211038,22.58063989775604"
scene-000205,1631621060.000.json,"113.96468082809,22.58518998528","113.96959522724133,22.582225572161377"
scene-000206,1631621100.000.json,"113.96866195551,22.58512760434","113.97358452946219,22.582173466525845"
scene-000207,1631621220.000.json,"113.97160949299,22.58662445641","113.9765384904881,22.583678372090475"
scene-000208,1631621240.000.json,"113.97177435487,22.58705190996","113.97670373996654,22.584106325094226"
scene-000209,1631621280.000.json,"113.97344227939,22.58758836209","113.97837538058369,22.584647391488854"
scene-000210,1631621350.000.json,"113.97745702711,22.58750461690","113.9823992381634,22.584574816998742"
scene-000211,1631621390.000.json,"113.98032000524,22.58751071843","113.98526891242192,22.58458907586694"
scene-000212,1632795010.000.json,"113.98972711185,22.60465454253","113.99470000331453,22.601762870567175"
scene-000213,1632795030.000.json,"113.98993341868,22.60358356890","113.99490675509035,22.600692356757197"
scene-000214,1632795100.000.json,"113.99086636643,22.59950061702","113.99584176824736,22.596611613225765"
scene-000215,1632795140.000.json,"113.99005003248,22.59714875454","113.99502324677223,22.594256977786618"
scene-000216,1632795160.000.json,"113.99004963898,22.59569472123","113.9950227590715,22.592802744096016"
scene-000217,1632795200.000.json,"113.98846657911,22.59502635925","113.99343572394793,22.592129565908397"
scene-000218,1632795300.000.json,"113.98550886384,22.59537260120","113.99047075486867,22.592467092565087"
scene-000219,1632795400.000.json,"113.98376701438,22.59482890452","113.98872463647841,22.591918209755995"
scene-000220,1632795460.000.json,"113.98226239733,22.59367304528","113.98721632272316,22.59075781158888"
scene-000221,1632795540.000.json,"113.97936914100,22.59034502009","113.98431598888112,22.587421014429857"
scene-000222,1632795580.000.json,"113.97822154682,22.58963013719","113.9831656667591,22.586702771521292"
scene-000223,1632795620.000.json,"113.97789745526,22.58947572949","113.98284081230022,22.586547425302395"
scene-000224,1632795720.000.json,"113.97786530003,22.58701855290","113.98280842553298,22.5840898464539"
scene-000225,1632795780.000.json,"113.98080077312,22.58718976652","113.98575079851854,22.5842694668035"
scene-000226,1632795860.000.json,"113.98335106667,22.58547581370","113.98830708558025,22.582562696716074"
scene-000227,1632795880.000.json,"113.98339643345,22.58421547006","113.98835248121905,22.581302331305118"
scene-000228,1632795920.000.json,"113.98370002227,22.58102499725","113.988656599294,22.578112364028886"
scene-000229,1632796000.000.json,"113.98582053650,22.57354089504","113.990781792077,22.57063364582305"
scene-000230,1632796020.000.json,"113.98642881757,22.57161320586","113.99139143988788,22.56870754748638"
scene-000231,1632796060.000.json,"113.98750464687,22.56744225402","113.99246964835882,22.564539354549694"
scene-000232,1632796160.000.json,"113.98267398217,22.55881253334","113.98762666672961,22.555894616898577"
scene-000233,1632796200.000.json,"113.97804646956,22.55749479155","113.98298813109668,22.554563464344955"
scene-000234,1632796260.000.json,"113.97223477813,22.55719723205","113.9771632703851,22.55424973231882"
scene-000235,1632796400.000.json,"113.96253316861,22.55808153838","113.9674416225557,22.555108900238714"
scene-000236,1632796440.000.json,"113.96228792124,22.56053077568","113.96719605774535,22.557557751743335"
scene-000237,1632796460.000.json,"113.96161402796,22.56194582028","113.96652096408236,22.55897127364027"
scene-000238,1632796480.000.json,"113.96088122449,22.56350421048","113.9657868727532,22.560528028030134"
scene-000239,1632796520.000.json,"113.95892023956,22.56495576418","113.96382235390129,22.561975031675512"
scene-000240,1632796580.000.json,"113.95605662794,22.56573665974","113.96095372777718,22.562749371933883"
scene-000241,1632796600.000.json,"113.95505117972,22.56624263553","113.95994660108428,22.56325313216782"
scene-000242,1632796660.000.json,"113.95259868338,22.57069973843","113.95749036754512,22.567705303975675"
scene-000243,1632796770.000.json,"113.95240357518,22.57113456537","113.95729497659072,22.568139756989506"
scene-000244,1632796840.000.json,"113.95120180200,22.57463628786","113.95609154538815,22.57163930054472"
scene-000245,1632796860.000.json,"113.95120182179,22.57463639672","113.95609156521557,22.571639409458246"
scene-000246,1632796880.000.json,"113.95122651454,22.57476855721","113.95611630443244,22.571771636352118"
scene-000247,1632796920.000.json,"113.95356604013,22.57485059839","113.95845954714719,22.571858706002214"
scene-000248,1632796960.000.json,"113.95532183110,22.57332730864","113.96021815906457,22.57033914135706"
scene-000249,1632796980.000.json,"113.95553124418,22.57239381156","113.96042786824465,22.56940601534482"
scene-000250,1632797000.000.json,"113.95549270853,22.57152216379","113.96038921175688,22.568534188596505"
scene-000251,1632797020.000.json,"113.95549282165,22.57152215638","113.96038932506863,22.56853418144035"
scene-000252,1632797040.000.json,"113.95549269502,22.57151893967","113.96038919801927,22.568530964106827"
scene-000253,1632797090.000.json,"113.95898884487,22.57077707097","113.9638914536802,22.567797085617638"
scene-000254,1632797150.000.json,"113.95620825262,22.57126382030","113.96110596436411,22.56827743703649"
scene-000255,1632797260.000.json,"113.95205245914,22.57143324223","113.95694332458606,22.56843771388197"
scene-000256,1632797280.000.json,"113.95101558431,22.57149963902","113.95590484230162,22.56850192427531"
scene-000257,1632797440.000.json,"113.94959406839,22.57451803043","113.95448137478344,22.571517694294577"
scene-000258,1632797460.000.json,"113.94955408587,22.57510944211","113.95444137061442,22.572109088939836"
scene-000259,1632797610.000.json,"113.94955249877,22.57513289150","113.95443978265466,22.5721325376612"
scene-000260,1632797630.000.json,"113.94929221305,22.57557198949","113.95417914124137,22.572571153109344"
scene-000261,1632797650.000.json,"113.94818067850,22.57602411817","113.95306602729089,22.573021092507165"
scene-000262,1632797670.000.json,"113.94737222265,22.57660462820","113.95225646927204,22.573600067107012"
scene-000263,1632797690.000.json,"113.94721021481,22.57675211189","113.95209424567106,22.573747249577373"
scene-000264,1632797760.000.json,"113.94875817311,22.57868735624","113.95364452018589,22.57568578859115"
scene-000265,1632797820.000.json,"113.94927538495,22.57569079334","113.95416229596867,22.572689935849226"
scene-000266,1632797860.000.json,"113.94777597252,22.57626492669","113.95266076317353,22.573261123769104"
scene-000267,1632797880.000.json,"113.94721152265,22.57674257445","113.95209555471953,22.573737713630578"
scene-000268,1632797900.000.json,"113.94724150729,22.57709139811","113.9521256030571,22.574086635147815"
scene-000269,1632797920.000.json,"113.94632542636,22.57770304307","113.95120830666394,22.574696570006303"
scene-000270,1632797940.000.json,"113.94648356559,22.57816583209","113.95136668932639,22.575159716397586"
scene-000271,1632797960.000.json,"113.94667218747,22.57836425133","113.95155558047355,22.575358523093584"
scene-000272,1632797980.000.json,"113.94699145793,22.57872072376","113.95187531128153,22.575715656878952"
scene-000273,1632798000.000.json,"113.94702798820,22.57873697938","113.95191189292981,22.57573198561525"
scene-000274,1632798060.000.json,"113.94749878384,22.57926171918","113.95238337549148,22.57625770847137"
scene-000275,1632798160.000.json,"113.94880193043,22.58067506825","113.95368846693383,22.577673818828277"
scene-000276,1632798200.000.json,"113.94920133962,22.58041080213","113.9540884413735,22.57741033039622"
scene-000277,1632798240.000.json,"113.94854780391,22.57849798103","113.95343383531213,22.575495968552637"
scene-000278,1632798320.000.json,"113.94618205210,22.57772608205","113.95106474062871,22.57471933601755"
scene-000279,1632798360.000.json,"113.94419814094,22.57814748762","113.94907826844185,22.57513705673971"
scene-000280,1632798420.000.json,"113.94378236572,22.57832169436","113.94866198249825,22.575310520278656"
scene-000281,1632798480.000.json,"113.94341115839,22.57997728744","113.94829042030635,22.576965628241506"
scene-000282,1632798580.000.json,"113.94324167088,22.58588406969","113.94812109905565,22.58287281182606"
scene-000283,1632798680.000.json,"113.94276706342,22.58871045064","113.94764609461657,22.58569869455227"
scene-000284,1632798740.000.json,"113.94108883806,22.58909706585","113.9459659330325,22.58608241521642"
scene-000285,1632798760.000.json,"113.94102578521,22.58912727140","113.94590281076728,22.586112516208445"
scene-000286,1632798780.000.json,"113.94101070688,22.58942875401","113.94588773450566,22.586414011487335"
scene-000287,1632798800.000.json,"113.94107680332,22.58992715134","113.9459539372565,22.586912586448733"
scene-000288,1632798860.000.json,"113.94155220761,22.59146290331","113.94642998189305,22.5884493599862"
scene-000289,1632798920.000.json,"113.94202448913,22.59249526998","113.94690287784799,22.589482688115346"
scene-000290,1632798950.000.json,"113.94360641186,22.59119130796","113.94848662553842,22.58818138544545"
scene-000291,1632798970.000.json,"113.94476212466,22.59020784268","113.9496437357405,22.587199922234884"
scene-000292,1632798990.000.json,"113.94541841562,22.58924510052","113.95030081914248,22.586238288675556"
scene-000293,1632799040.000.json,"113.94596253313,22.58741036015","113.95084554128336,22.58440434996763"
scene-000294,1632799060.000.json,"113.94666775026,22.58718260863","113.95155169626132,22.58417792700128"
scene-000295,1632799080.000.json,"113.94801880865,22.58722571766","113.95290463759649,22.584223693614994"
scene-000296,1632799100.000.json,"113.94943304107,22.58686324311","113.95432089258138,22.583864022333795"
scene-000297,1632799180.000.json,"113.94972664880,22.58502541633","113.95461481819441,22.582026568760366"
scene-000298,1632799200.000.json,"113.94989351220,22.58689979907","113.95478204891063,22.583901526125278"
scene-000299,1632799260.000.json,"113.95086739876,22.59093410902","113.95575766267956,22.587938370562142"
scene-000300,1632799300.000.json,"113.95371597062,22.59248445538","113.9586108418534,22.589495021195297"
scene-000301,1632799470.000.json,"113.95781554602,22.59586266362","113.96271763712369,22.592882945801268"
scene-000302,1632799520.000.json,"113.95876240927,22.59626665639","113.96366622682402,22.593289210623574"
scene-000303,1632799560.000.json,"113.96056460063,22.59649238455","113.96547175190253,22.593519266080563"
scene-000304,1632799600.000.json,"113.96454670898,22.59672479729","113.96946157466616,22.59376154550796"
scene-000305,1632799640.000.json,"113.96632318864,22.59586050312","113.97124158751933,22.592901663935727"
scene-000306,1632799680.000.json,"113.96913346356,22.59589953348","113.97405772128623,22.5929480355332"
scene-000307,1632799700.000.json,"113.97091489358,22.59668982190","113.97584302186408,22.593743183185367"
scene-000308,1632799740.000.json,"113.97210128344,22.59719155609","113.97703203172766,22.59424819157511"
scene-000309,1632799800.000.json,"113.97637894726,22.59568679477","113.98131919989925,22.592755032369304"
scene-000310,1632799820.000.json,"113.97699924329,22.59395140465","113.98194080975034,22.591021150760785"
scene-000311,1632799920.000.json,"113.97876701099,22.59286269675","113.98371260933627,22.58993730321729"
scene-000312,1632800000.000.json,"113.98170232977,22.59334142965","113.98665489428849,22.59042452825427"
scene-000313,1632800080.000.json,"113.98483941260,22.59523859566","113.98979966289691,22.592331099400898"
scene-000314,1632800140.000.json,"113.98618301126,22.59526632823","113.99114654486912,22.59236279387513"
scene-000315,1632814900.000.json,"113.99035421770,22.59923802757","113.99532832422055,22.596347452194813"
scene-000316,1632814940.000.json,"113.99006575716,22.59663714529","113.99503897782951,22.593745345190925"
scene-000317,1632815100.000.json,"113.98560817622,22.59539906329","113.99057031156492,22.592493850875133"
scene-000320,1632815240.000.json,"113.97704762052,22.59363704354","113.98198927833643,22.59070688384864"
scene-000321,1632815280.000.json,"113.97528090851,22.59620305521","113.98021869160102,22.593268296404517"
scene-000322,1632815400.000.json,"113.96877204273,22.59578332671","113.97369552797811,22.592830858344026"
scene-000323,1632815440.000.json,"113.96671639386,22.59575459401","113.97163559237411,22.59279675463663"
scene-000324,1632815500.000.json,"113.96229111694,22.59683749792","113.96720156829426,22.59386863459431"
scene-000325,1632815580.000.json,"113.95882226205,22.59635841528","113.96372619395814,22.593381123149882"
scene-000326,1632815600.000.json,"113.95842627850,22.59680204237","113.96332952287358,22.59382387980292"
scene-000327,1632815680.000.json,"113.96087026557,22.60027748851","113.96577823110205,22.597305636387272"
scene-000328,1632815700.000.json,"113.96194092282,22.59973786556","113.96685088622164,22.596768545775532"
scene-000331,1632815860.000.json,"113.96338151221,22.60550671059","113.96829463365317,22.602541788751918"
scene-000332,1632815980.000.json,"113.96675380489,22.61231037997","113.97167413525928,22.60935506301577"
scene-000333,1632816040.000.json,"113.96791381385,22.61674061573","113.97283683209838,22.61378902226932"
scene-000334,1632816080.000.json,"113.96879907722,22.61901984725","113.9737241011218,22.61607095195064"
scene-000336,1632816180.000.json,"113.97087770210,22.62220589736","113.97580737769648,22.619263068711472"
scene-000337,1632816220.000.json,"113.97168731000,22.62282347379","113.97661878702002,22.619882932827682"
scene-000338,1632816260.000.json,"113.97282470000,22.62370856858","113.97775873558378,22.62077127022118"
scene-000339,1632816500.000.json,"113.97366182408,22.62188962758","113.97859760429822,22.618954314229548"
scene-000340,1632816660.000.json,"113.98007318334,22.61229721404","113.98502309216936,22.609378366087583"
scene-000341,1632816760.000.json,"113.98334904610,22.60551013067","113.98830634201029,22.602599728534685"
scene-000342,1632816820.000.json,"113.98877006285,22.60587505223","113.99374065505563,22.602980704176566"
scene-000343,1632817240.000.json,"113.99848474928,22.60602048316","114.00347977299782,22.60315542729772"
scene-000344,1632817280.000.json,"113.99869244004,22.60667728101","114.00368803236618,22.603812953103013"
scene-000345,1632817360.000.json,"113.99793023778,22.61007007170","114.00292411678099,22.607203948334483"
scene-000346,1632817400.000.json,"113.99699985254,22.61106793472","114.00199143943625,22.60819914614743"
scene-000347,1632817420.000.json,"113.99703714619,22.61105684052","114.0020288267829,22.608188163206787"
scene-000348,1632817500.000.json,"113.99873572861,22.60840483678","114.0037315417452,22.6055409008775"
scene-000349,1632817600.000.json,"113.99730575562,22.60606524019","114.00229779544735,22.60319661706545"
scene-000350,1632817640.000.json,"113.99542840679,22.60666883665","114.00041573680977,22.603794619870545"
scene-000351,1632817760.000.json,"113.99052392538,22.60504910344","113.99549882798311,22.60215987421864"
scene-000352,1632970310.000.json,"113.99928002672,22.59982577277","114.00427666788924,22.5969622295031"
scene-000353,1632970400.000.json,"113.99830081144,22.59761425312","114.00329482865266,22.594747430907763"
scene-000354,1632970463.000.json,"113.99543584138,22.59576798610","114.0004224900608,22.592892232742134"
scene-000355,1632970560.000.json,"113.99475844272,22.59532838100","113.99974335305089,22.592450520002238"
scene-000356,1632970620.000.json,"113.99399931969,22.59388920903","113.9989822237494,22.591008861586264"
scene-000357,1632970650.000.json,"113.99306997666,22.59428745014","113.99805056743826,22.591404353418277"
scene-000358,1632970700.000.json,"113.99453492224,22.59516101466","113.99951925799232,22.592282455666698"
scene-000359,1632970840.000.json,"113.98742619637,22.59502955393","113.99239277074304,22.592129668270733"
scene-000360,1632971020.000.json,"113.98214908287,22.59361036788","113.98710273281061,22.590694796979015"
scene-000361,1632971040.000.json,"113.98197925230,22.59338093707","113.9869324811166,22.590464843082398"
scene-000362,1632971080.000.json,"113.98116601774,22.59234301802","113.98611724028882,22.58942443413447"
scene-000363,1632971150.000.json,"113.98092309879,22.59027977978","113.98587361207083,22.587360225847156"
scene-000364,1632971230.000.json,"113.98166654425,22.58931188997","113.98661876567883,22.586394358900606"
scene-000365,1632971340.000.json,"113.98111361815,22.59223058031","113.98606470888485,22.58931183038179"
scene-000366,1632971400.000.json,"113.98191716185,22.59320703195","113.98687023105926,22.590290734870592"
scene-000367,1632971440.000.json,"113.98251131181,22.59377895869","113.98746584094964,22.590864462163363"
scene-000368,1632971510.000.json,"113.98670257493,22.59513921477","113.99166737536703,22.592237199432393"
scene-000369,1632971600.000.json,"113.98735271039,22.59884430587","113.99231934801065,22.59594472726377"
scene-000370,1632971680.000.json,"113.98391055013,22.59933470129","113.98886880792593,22.59642504736715"
scene-000371,1632971715.000.json,"113.98349389451,22.59764633008","113.98845103679618,22.594735222570268"
scene-000372,1632971780.000.json,"113.98510906399,22.59549480982","113.99006998740612,22.592588140945843"
scene-000373,1632971830.000.json,"113.98510914893,22.59549478465","113.99007007255152,22.592588116022245"
scene-000374,1632972120.000.json,"113.99335765983,22.59339210488","113.99833891662367,22.590509755487776"
scene-000375,1632972180.000.json,"113.99518944077,22.59419520424","114.00017536618925,22.591318493132185"
scene-000376,1632972200.000.json,"113.99577148467,22.59435826894","114.0007588908721,22.591483340233566"
scene-000377,1632972280.000.json,"113.99776812346,22.59504049146","114.00276062575006,22.592171702033177"
scene-000378,1632972320.000.json,"113.99912478344,22.59609738044","114.00412079139224,22.593232848292473"
scene-000379,1632972360.000.json,"113.99997222656,22.59763789191","114.00497048179194,22.594776142089344"
scene-000380,1632972440.000.json,"114.00086673278,22.59873956009","114.00586732638392,22.595880676814268"
scene-000381,1632972500.000.json,"113.99988747091,22.59983806358","114.00488565276481,22.59697636452174"
scene-000382,1632972580.000.json,"113.99810598367,22.60251684723","114.00309982235541,22.599650128450083"
scene-000383,1635385355.000.json,"113.98995733523,22.60332085905","113.99493071436085,22.60042968013507"
scene-000384,1635385420.000.json,"113.99050806278,22.59931901130","113.99548255830108,22.596428908084953"
scene-000385,1635385460.000.json,"113.99005770223,22.59699844316","113.99503092599421,22.594106668638332"
scene-000386,1635385540.000.json,"113.99014700660,22.59522213947","113.99512033901739,22.592330389524474"
scene-000387,1635385630.000.json,"113.99399991444,22.59488956349","113.9989828842024,22.592009352329057"
scene-000388,1635385660.000.json,"113.99495145616,22.59446998169","113.99993679844684,22.59159258805692"
scene-000389,1635385810.000.json,"113.99532465008,22.59352569027","114.00031087394531,22.59064929845013"
scene-000390,1635385920.000.json,"113.98825871217,22.59005020354","113.9932270236647,22.587152134079098"
scene-000391,1635386040.000.json,"113.98455829792,22.58857448365","113.98951743812805,22.58566528707678"
scene-000392,1635386160.000.json,"113.98335781495,22.58520644519","113.98831383291314,22.58229331477789"
scene-000393,1635386200.000.json,"113.98350531181,22.58278357159","113.98846153083907,22.579870578012937"
scene-000394,1635386240.000.json,"113.98396160710,22.57964640578","113.98891872885052,22.57673437692138"
scene-000395,1635386280.000.json,"113.98492068605,22.57629603359","113.98987992205902,22.5733864369994"
scene-000396,1635386320.000.json,"113.98634009509,22.57176012756","113.99130250919046,22.568854222406262"
scene-000399,1635386440.000.json,"113.98312593981,22.56090168511","113.98807984502251,22.557985273056904"
scene-000400,1635386500.000.json,"113.97743632632,22.55731773761","113.98237656295396,22.55438466893436"
scene-000401,1635386540.000.json,"113.97465538802,22.55678037322","113.97958924244128,22.553839479871126"
scene-000402,1635386660.000.json,"113.97156805657,22.55737555915","113.97649509988021,22.554426267756945"
scene-000403,1635386740.000.json,"113.96807327982,22.55801511380","113.97299289084908,22.55505657561652"
scene-000404,1635386800.000.json,"113.96309520085,22.55722136322","113.96800469124769,22.554250042507263"
scene-000405,1635386860.000.json,"113.95962980283,22.55696994702","113.96453270758329,22.55399016649928"
scene-000406,1635386980.000.json,"113.95769752987,22.55675952377","113.96259692739808,22.553775178523733"
scene-000407,1635387180.000.json,"113.95144367321,22.55664005416","113.95633264948837,22.553641820112233"
scene-000408,1635387220.000.json,"113.95270694114,22.55652804857","113.95759789932663,22.553532501201047"
scene-000409,1635387260.000.json,"113.95301576307,22.55299920842","113.95790699279524,22.550004034079187"
scene-000410,1635387330.000.json,"113.95289499980,22.55120606372","113.95778592175643,22.548210484475582"
scene-000411,1635387380.000.json,"113.94960060399,22.55081303857","113.95448641760741,22.54781049365237"
scene-000412,1635387440.000.json,"113.94890805801,22.54831135828","113.95379269741785,22.545307213206833"
scene-000413,1635387540.000.json,"113.94918816079,22.54469464270","113.9540729796876,22.541690802349397"
scene-000414,1635387580.000.json,"113.94820277036,22.54349200887","113.95308608946146,22.540486101231355"
scene-000415,1635387620.000.json,"113.94602201043,22.54337140519","113.95090230834629,22.540361227385986"
scene-000416,1635387680.000.json,"113.94176355773,22.54336365301","113.94663853135609,22.54034567710834"
scene-000417,1635387760.000.json,"113.94077151099,22.54393421438","113.94564538995435,22.54091456372019"
scene-000418,1635388060.000.json,"113.94072866976,22.54579443191","113.94560261849452,22.542774839263163"
scene-000419,1635388100.000.json,"113.93903297746,22.54616488611","113.94390511798721,22.543142484954757"
scene-000420,1635388180.000.json,"113.93741525900,22.54613979647","113.94228576737339,22.543114798049647"
scene-000421,1635388220.000.json,"113.93553974910,22.54558905674","113.94040847715857,22.542561145324772"
scene-000422,1635388260.000.json,"113.93382703531,22.54556923253","113.93869430587402,22.54253882458817"
scene-000423,1635388300.000.json,"113.93379833886,22.54556867664","113.93866558611936,22.542538227910384"
scene-000424,1635388340.000.json,"113.93166227980,22.54559430638","113.93652790201075,22.5425609250273"
scene-000425,1635388380.000.json,"113.93088633945,22.54667255080","113.93575149071033,22.54363822980622"
scene-000426,1635388420.000.json,"113.93233999803,22.54702134832","113.93720620390548,22.543988980141737"
scene-000427,1635388450.000.json,"113.93343039857,22.54702109527","113.93829744256924,22.543990232297194"
scene-000428,1635388520.000.json,"113.93630993201,22.54717975005","113.94117945845059,22.54415311619"
scene-000429,1635388560.000.json,"113.93713396133,22.54756713639","113.94200428817385,22.544541802020806"
scene-000430,1635388640.000.json,"113.93709018851,22.54930887979","113.94196058349942,22.546283608159452"
scene-000431,1635388900.000.json,"113.93410442618,22.54934489911","113.93897216222443,22.5463151658779"
scene-000432,1635388960.000.json,"113.93339654890,22.54934077436","113.93826371266168,22.54631003752195"
scene-000433,1635389000.000.json,"113.93140782364,22.54940393325","113.93627350671666,22.546370497113166"
scene-000434,1635389040.000.json,"113.93160542892,22.55083501734","113.93647134183061,22.547801953042722"
scene-000435,1635389160.000.json,"113.93423490604,22.55263209745","113.93910295778574,22.54960280960822"
scene-000436,1635389230.000.json,"113.93703053422,22.55162649157","113.94190101868078,22.548601307516424"
scene-000437,1635389300.000.json,"113.93704820051,22.55026921998","113.94191861603471,22.547243956892125"
scene-000438,1635389420.000.json,"113.93706364656,22.54974921642","113.94193404397954,22.546723937200028"
scene-000439,1635389450.000.json,"113.93707682488,22.54899591378","113.94194718728367,22.545970597513197"
scene-000440,1635389600.000.json,"113.93715818033,22.54575606487","113.94202841593739,22.542730636328812"
scene-000441,1635389640.000.json,"113.93720216283,22.54338492840","113.94207229085168,22.540359402284828"
scene-000442,1635389700.000.json,"113.93295975153,22.54269841727","113.93782615397267,22.53966659366768"
scene-000443,1635389740.000.json,"113.92920265105,22.54278971700","113.93406648316214,22.539753004952534"
scene-000444,1635389780.000.json,"113.92609082304,22.54288042542","113.93095302467134,22.53984013125062"
scene-000445,1635389940.000.json,"113.93835919260,22.54241654623","113.94323040304309,22.53939278956821"
scene-000446,1635390000.000.json,"113.94017532437,22.54240161767","113.94504844716987,22.53938085127241"
scene-000447,1635390040.000.json,"113.94044111858,22.54206063967","113.94531451183111,22.539040299419987"
scene-000448,1635390140.000.json,"113.94046586038,22.53950969570","113.94533911966052,22.536489231235446"
scene-000449,1635390360.000.json,"113.94508376314,22.53885893154","113.94996253805513,22.535846679503038"
scene-000450,1635390440.000.json,"113.94713492399,22.53888957308","113.95201645231299,22.535881254011137"
scene-000451,1635390460.000.json,"113.94713409468,22.53852829104","113.95201559898851,22.53551994780414"
scene-000452,1635390520.000.json,"113.94730795857,22.53692604454","113.95218960248644,22.533917943898803"
scene-000453,1635390560.000.json,"113.94850138274,22.53695672705","113.95338471544997,22.5339509959089"
scene-000454,1635390740.000.json,"113.94728887031,22.53695516487","113.95217048954929,22.53394702853907"
scene-000455,1635390780.000.json,"113.94715523601,22.53842361575","113.95203676293612,22.53541530735836"
scene-000456,1635391000.000.json,"113.95273885926,22.53929614878","113.95762877625101,22.536299386482764"
scene-000457,1635391460.000.json,"113.94953764676,22.57676451204","113.95442501215399,22.573764308827073"
scene-000458,1635391630.000.json,"113.95301931936,22.58349957020","113.95791248963079,22.58050748296459"
scene-000459,1635391650.000.json,"113.95467718302,22.58365452077","113.95957308246165,22.58066609224211"
scene-000460,1635391810.000.json,"113.96030457045,22.58478927304","113.96521049205616,22.581814010959885"
scene-000461,1635404310.000.json,"114.00295950438,22.59950114467","114.007965448332,22.596648712676995"
scene-000462,1635404400.000.json,"114.00820223551,22.60323935589","114.01322163102145,22.60040328855377"
scene-000463,1635404420.000.json,"114.00938992607,22.60453260002","114.01441237418992,22.60170028613758"
scene-000464,1635404460.000.json,"114.01174249684,22.60684340354","114.0167709389859,22.604018459097706"
scene-000465,1635404990.000.json,"114.02831498116,22.60445740823","114.03338215969063,22.60167948212171"
scene-000466,1635405010.000.json,"114.02885749380,22.60317576822","114.03392576956267,22.600399119112478"
scene-000467,1635405060.000.json,"114.03120921980,22.60077405545","114.03628237069228,22.59800332921105"
scene-000468,1635405120.000.json,"114.03378548139,22.59748792273","114.0388637616527,22.59472344535063"
scene-000469,1635405680.000.json,"114.05322601608,22.60665370895","114.05833832387061,22.603934774445587"
scene-000470,1635405910.000.json,"114.05696124056,22.61924076529","114.06207917291863,22.616530801521503"
scene-000471,1635405990.000.json,"114.05985436120,22.61930589645","114.06497561604772,22.616600979516168"
scene-000472,1635406120.000.json,"114.06365016367,22.61936431446","114.06877522454428,22.616665500374268"
scene-000473,1635406160.000.json,"114.06641225520,22.61938205270","114.07153968010343,22.616687298649275"
scene-000474,1635406360.000.json,"114.06824528695,22.61546051912","114.07337383200317,22.6127676388023"
scene-000475,1635406400.000.json,"114.07046284129,22.61229587903","114.07559263734142,22.609605343634932"
scene-000476,1635406440.000.json,"114.07382848999,22.60976931878","114.07895989409259,22.60708230277535"
scene-000477,1635406480.000.json,"114.07827449333,22.60688664697","114.08340722788,22.604203591718157"
scene-000478,1635406520.000.json,"114.08146634529,22.60215328096","114.08659927639826,22.599472141159882"
scene-000479,1635407740.000.json,"114.10525701706,22.54820632524","114.11037480751428,22.54552434118432"
scene-000480,1635407990.000.json,"114.10597422774,22.54653686122","114.11109114836805,22.543854522584024"
scene-000481,1635408700.000.json,"114.10259714847,22.53896234179","114.10771695610713,22.536280388177843"
scene-000482,1635408740.000.json,"114.10256028469,22.54088726388","114.10768025181048,22.538205440801303"
scene-000485,1635408940.000.json,"114.10928428283,22.54514660733","114.11439730471521,22.542462824394832"
scene-000486,1635409000.000.json,"114.11224017032,22.54554045155","114.11734941403505,22.542855118257155"
scene-000487,1635409260.000.json,"114.12341087127,22.54747237198","114.1285026305672,22.5447781783173"
scene-000488,1635409300.000.json,"114.12346804398,22.54748100986","114.12855970130074,22.544786759112103"
scene-000489,1635409402.000.json,"114.12579569629,22.55283353087","114.1308834264031,22.55013725072934"
scene-000490,1635409450.000.json,"114.12332432954,22.55561288651","114.12841677303653,22.552919426204763"
scene-000491,1635409490.000.json,"114.12090277564,22.55855028787","114.12599963427894,22.555859414853575"
scene-000493,1635409580.000.json,"114.11830803637,22.56535733921","114.12340961648253,22.562669365698895"
scene-000494,1635409660.000.json,"114.11789569127,22.57266860016","114.122998403171,22.569981710595233"
scene-000495,1635409700.000.json,"114.11742476178,22.57556924641","114.12252840327639,22.57288304978008"
scene-000496,1635409790.000.json,"114.11451283095,22.57668176403","114.11962092645776,22.57399784027927"
scene-000497,1635409900.000.json,"114.10524499520,22.57384441831","114.11036446988282,22.571164789170865"
scene-000498,1635409980.000.json,"114.09807886186,22.56974520570","114.1032043825449,22.567066243844945"
scene-000499,1635410100.000.json,"114.09398391498,22.56822988491","114.09911186936993,22.56555039114599"
scene-000500,1635410180.000.json,"114.08913539810,22.56708925210","114.09426524336953,22.564408230731495"
scene-000501,1635410280.000.json,"114.08205939875,22.57218785099","114.08719041213908,22.569503391271745"
scene-000502,1635410400.000.json,"114.06926172786,22.56942214518","114.07438796329015,22.566724523643547"
scene-000503,1635410620.000.json,"114.05450137684,22.58193848023","114.059613778254,22.57921867154976"
scene-000504,1635410660.000.json,"114.05306280959,22.58641796904","114.05817357568945,22.58369594166017"
scene-000505,1635410690.000.json,"114.05073386483,22.58932796187","114.05584152441233,22.586601664461316"
scene-000506,1635410760.000.json,"114.04559510085,22.59259371528","114.0506949599979,22.589856920679875"
scene-000507,1635410800.000.json,"114.04397675975,22.59258667310","114.04907389320262,22.589846249891053"
scene-000508,1635410860.000.json,"114.04097918231,22.59296777071","114.04607105094976,22.59022045329706"
scene-000509,1635410920.000.json,"114.03346100794,22.59467348658","114.03853844275798,22.591907789035098"
scene-000510,1635410950.000.json,"114.02917459021,22.59499281603","114.03424302189255,22.59221587117843"
scene-000511,1635411040.000.json,"114.01800447767,22.59218760647","114.02304721639322,22.589379007448162"
scene-000512,1635411080.000.json,"114.01335149697,22.59102217755","114.01838288242473,22.58819979056571"
scene-000513,1635411120.000.json,"114.01082549578,22.59219446919","114.01585072080951,22.5893647279877"
scene-000514,1635411220.000.json,"114.01098885089,22.59474381447","114.0160146456743,22.59191490045751"
scene-000515,1635757250.000.json,"113.99500230181,22.59548636870","113.9999878376868,22.592609266156597"
scene-000516,1635757280.000.json,"113.99475727467,22.59499337414","113.99974216054694,22.592115464248078"
scene-000517,1635757340.000.json,"113.99337703481,22.59363758318","113.99835835609724,22.59075532493168"
scene-000518,1635757380.000.json,"113.99297523306,22.59246278015","113.99795546861569,22.589579155004188"
scene-000519,1635757720.000.json,"113.97814580390,22.58755270310","113.98308961497696,22.584624858530994"
scene-000520,1635757800.000.json,"113.97186534185,22.58742164333","113.97679494967596,22.58447635127092"
scene-000521,1635757840.000.json,"113.96982869775,22.58642960784","113.97475383315569,22.583478720734007"
scene-000522,1635757950.000.json,"113.96277361451,22.58589548140","113.96768430246905,22.582926380628344"
scene-000523,1635758020.000.json,"113.96080617534,22.58563772106","113.965713089271,22.582663772606974"
scene-000524,1635758040.000.json,"113.96037389201,22.58541940740","113.96527998287789,22.582444389296736"
scene-000525,1635758360.000.json,"113.94552046428,22.58370559080","113.9504026509304,22.580698283050335"
scene-000526,1635758480.000.json,"113.94291585389,22.58366432985","113.94779474492142,22.580652214358867"
scene-000527,1635758710.000.json,"113.93398286089,22.58354581956","113.9388526601073,22.58051928494091"
scene-000528,1635758970.000.json,"113.92277003017,22.58471717870","113.92763363362005,22.58167750832653"
scene-000530,1635759460.000.json,"113.91329518689,22.58570920837","113.91815821399103,22.582662801936838"
scene-000531,1635760220.000.json,"113.90105625081,22.58235824815","113.90592461817526,22.579308553345037"
scene-000532,1635760290.000.json,"113.90289641120,22.58050110202","113.90776337256838,22.577451196025677"
scene-000533,1635760970.000.json,"113.92757955985,22.58444447976","113.93244511442319,22.58140979662637"
scene-000534,1635761240.000.json,"113.93915236024,22.58655699687","113.94402718182643,22.583538769369955"
scene-000535,1635761290.000.json,"113.94024845696,22.58698601424","113.94512448154333,22.583969664960087"
scene-000536,1635761360.000.json,"113.94317645466,22.58679053900","113.94805586055793,22.58377927602633"
scene-000537,1635762240.000.json,"113.96268370993,22.59686211699","113.96759492130175,22.593894226046388"
scene-000538,1635762430.000.json,"113.97589271117,22.59592863427","113.98083186798206,22.592995543852414"
scene-000539,1635762500.000.json,"113.97703665611,22.59315316178","113.9819782577636,22.590222906769924"
scene-000540,1635762940.000.json,"113.99024802007,22.59546417414","113.99522161979978,22.592572759374935"
scene-000541,1635762980.000.json,"113.99015856869,22.59857389884","113.9951321448209,22.595682644698837"
scene-000542,1635763020.000.json,"113.99183546171,22.60048463429","113.9968133514798,22.59759867894471"
scene-000543,1635817570.000.json,"114.00055788777,22.59619944211","114.0055575351414,22.59333927073895"
scene-000544,1635817630.000.json,"113.99710361082,22.59446860793","114.00209439368479,22.59159772756679"
scene-000545,1635817720.000.json,"113.99489330186,22.59483300646","113.99987852068465,22.591955485982954"
scene-000546,1635818520.000.json,"113.96998253780,22.58673037066","113.97490802179968,22.583779930880162"
scene-000547,1635818620.000.json,"113.96473009907,22.58806277820","113.96964477953033,22.585098847680307"
scene-000548,1635818670.000.json,"113.96124884172,22.58971230667","113.9661568495973,22.58673994488061"
scene-000549,1635818730.000.json,"113.95968926607,22.58970133950","113.96459435999341,22.58672522005494"
scene-000550,1635818940.000.json,"113.95660645045,22.58886605837","113.96150596956869,22.585882628635467"
scene-000551,1635819030.000.json,"113.95901657126,22.59225616674","113.96392059547992,22.58927878238956"
scene-000552,1635819070.000.json,"113.95917746670,22.59228401400","113.96408178603392,22.589307014091"
scene-000553,1635819300.000.json,"113.95413904269,22.59288913074","113.95903463486889,22.589900680145853"
scene-000554,1635819400.000.json,"113.94839123893,22.59243654192","113.95327792947363,22.58943593125829"
scene-000555,1635819480.000.json,"113.94240488360,22.59607446068","113.94728394825106,22.59306303102427"
scene-000556,1635819680.000.json,"113.94084783522,22.59594956318","113.94572509266268,22.592935403876197"
scene-000557,1635819720.000.json,"113.94037830430,22.59405301623","113.94525491933499,22.591037801588808"
scene-000558,1635819730.000.json,"113.94059066076,22.59369859891","113.9454674883535,22.590683697112215"
scene-000559,1635819900.000.json,"113.94418132079,22.58708862772","113.94906199364567,22.584079233949456"
scene-000560,1635819940.000.json,"113.94324327671,22.58786846997","113.94812283260426,22.58485746283844"
scene-000562,1635820350.000.json,"113.93584544651,22.58368459152","113.940716858055,22.580660805276793"
scene-000563,1635820430.000.json,"113.93240134799,22.58357908000","113.93726991117744,22.580550345478834"
scene-000564,1635820530.000.json,"113.92512232618,22.58501782594","113.92998677434323,22.581980519558595"
scene-000565,1635820560.000.json,"113.92511411110,22.58760847420","113.92997871976534,22.584571480918786"
scene-000566,1635820615.000.json,"113.92571760557,22.59004588750","113.93058262239238,22.58700984115003"
scene-000567,1635820680.000.json,"113.92491584844,22.58828690696","113.92978042034184,22.58524979374084"
scene-000568,1635820940.000.json,"113.92075023212,22.58471474074","113.92561333720863,22.581673269150773"
scene-000569,1635820990.000.json,"113.91806282667,22.58239121890","113.92292542551066,22.5793473550515"
scene-000570,1635821180.000.json,"113.91218456880,22.58049713607","113.91704747468388,22.577449565289037"
scene-000571,1635821340.000.json,"113.91819127796,22.57526985629","113.92305343594666,22.572225269897128"
scene-000572,1635821430.000.json,"113.92133091148,22.57721912975","113.92619366592479,22.57417727768577"
scene-000573,1635821450.000.json,"113.92126575652,22.57770337014","113.92612852694393,22.57466151597476"
scene-000574,1635821500.000.json,"113.91906658564,22.57997325915","113.92392912521521,22.57692986169503"
scene-000575,1635821570.000.json,"113.91750695230,22.58154289913","113.9223694665607,22.57849853843805"
scene-000576,1635821885.000.json,"113.91427184075,22.58471178478","113.91913467077298,22.58166577557144"
scene-000577,1635822950.000.json,"113.90257507370,22.56086553258","113.90744100755428,22.55781357061477"
scene-000578,1635823160.000.json,"113.89718538555,22.55625226329","113.90205532585183,22.5532003630189"
scene-000579,1635823210.000.json,"113.89354533744,22.55311572706","113.89841873334682,22.550064587808777"
scene-000580,1635823300.000.json,"113.88725308369,22.54762388328","113.89213382532942,22.544575378875734"
scene-000581,1635838010.000.json,"113.97368579037,22.62326976522","113.9786217122571,22.620334751611487"
scene-000582,1635838070.000.json,"113.97721120210,22.62377454582","113.98215516300327,22.62084943713213"
scene-000583,1635838320.000.json,"113.96697766740,22.63326960291","113.97189979559725,22.630318421474772"
scene-000584,1635838535.000.json,"113.95342969481,22.63285549924","113.95832666480011,22.62987178367062"
scene-000585,1635838570.000.json,"113.95215097506,22.63390079901","113.95704596292089,22.63091451304698"
scene-000586,1635838610.000.json,"113.94987995732,22.63705289718","113.95477165867683,22.634062432216293"
scene-000587,1635839780.000.json,"113.92099362070,22.62744815754","113.92585947956681,22.624413258310422"
scene-000588,1635839940.000.json,"113.92080200331,22.61660092670","113.92566713600333,22.61356403385576"
scene-000589,1635840300.000.json,"113.91543359798,22.59122496786","113.92029674028048,22.5881804552358"
scene-000590,1635840350.000.json,"113.91745628805,22.58893767909","113.92231926774129,22.58589419095361"
scene-000591,1635840510.000.json,"113.91218462546,22.58323557099","113.91704770443361,22.580188324682236"
scene-000592,1635840640.000.json,"113.90997039237,22.58132788048","113.91483394310477,22.57827949934969"
scene-000593,1635841000.000.json,"113.89813841286,22.57108577857","113.90300843328113,22.56803511317901"
scene-000594,1635841300.000.json,"113.89466085302,22.56819155167","113.8995340190711,22.565141413040575"
scene-000595,1635841330.000.json,"113.89240069581,22.56729137537","113.89727625949641,22.564241955628113"
scene-000596,1635841500.000.json,"113.90295339057,22.55799502749","113.90781889214671,22.554942823242587"
scene-000597,1635841550.000.json,"113.90466729808,22.55543966555","113.90953158588445,22.552387387297813"
scene-000598,1635841570.000.json,"113.90458858263,22.55404255736","113.90945282748523,22.550990153032362"
scene-000599,1635841590.000.json,"113.90481944552,22.55275928288","113.90968347731611,22.549706802525375"
scene-000600,1635841620.000.json,"113.90312893338,22.55091853791","113.9079938738185,22.54786575501797"
scene-000601,1635841660.000.json,"113.89830347600,22.54821690333","113.90317190679922,22.545164158370724"
scene-000602,1635841700.000.json,"113.89447829133,22.54504523000","113.89935018400091,22.54199316212353"
scene-000603,1635841740.000.json,"113.89101752278,22.54226185263","113.89589311700334,22.539210944526044"
scene-000609,1635843320.000.json,"113.89945417250,22.47408326585","113.90431695599409,22.471028462401165"
scene-000610,1635843360.000.json,"113.90127488081,22.47540754251","113.90613633689804,22.472352588023462"
scene-000611,1635843440.000.json,"113.90406508482,22.47766024218","113.90892482088667,22.474605338382027"
scene-000612,1635843890.000.json,"113.91206674915,22.49068477031","113.91692401330928,22.4876319322638"
scene-000613,1635844120.000.json,"113.91620404892,22.49516897362","113.92106109804246,22.492118409148265"
scene-000614,1635844160.000.json,"113.91769855193,22.49702485002","113.92255574103704,22.493975305133297"
scene-000615,1635845545.000.json,"113.92838415223,22.52298706633","113.93324625979781,22.51994828612022"
scene-000616,1635845810.000.json,"113.94909706748,22.52540375016","113.95398053188387,22.522398614423814"
scene-000617,1635845950.000.json,"113.94522389185,22.52831892609","113.95010218249293,22.52530635104749"
scene-000618,1635846880.000.json,"113.95268011442,22.56599899944","113.95757163034969,22.56300426500686"
scene-000619,1635846900.000.json,"113.95167063705,22.56814633107","113.95656069583018,22.56514965208995"
scene-000620,1635850570.000.json,"113.99031488979,22.60493094901","113.99528926331826,22.602041076278383"
scene-000621,1635850650.000.json,"113.99268580672,22.60525851334","113.99766613619167,22.60237580868368"
scene-000622,1635850680.000.json,"113.99382425601,22.60560372429","113.99880747109721,22.60272450234046"
scene-000623,1635850700.000.json,"113.99484692102,22.60618680047","113.99983275186328,22.60331075357182"
scene-000624,1635850760.000.json,"113.99717466559,22.60587177663","114.00216636106526,22.603002727475577"
scene-000625,1635850895.000.json,"113.99848112130,22.60175453291","114.00347586155976,22.598888841644346"
scene-000626,1635850920.000.json,"113.99891155924,22.60067254779","114.00390732086129,22.597808007086815"
scene-000627,1635851050.000.json,"113.99794965601,22.59891393207","114.00294286706215,22.596046226312062"
scene-000628,1635851200.000.json,"113.99315278289,22.59637499561","113.9981337158127,22.59349243154734"
scene-000629,1635851240.000.json,"113.99178346893,22.59725474890","113.99676102122673,22.59436818486104"
scene-000630,1635851340.000.json,"113.99118129985,22.59937176783","113.99615748062034,22.596483690577"
scene-000631,1635851380.000.json,"113.99213518807,22.59962284727","113.9971137739258,22.596737671029654"
scene-000632,1635851500.000.json,"113.99041425366,22.60264387239","113.99538872834738,22.599753962743186"
scene-000633,1635851751.000.json,"113.99816615865,22.60589044393","114.00316036667695,22.603024402710233"
scene-000634,1635851780.000.json,"113.99864780577,22.60651179773","114.00364327432862,22.603647309688927"
scene-000635,1635851940.000.json,"113.99832822370,22.60929689885","114.00332306141875,22.606431863340806"
scene-000636,1635851980.000.json,"113.99883419976,22.60783344303","114.00383022574302,22.604969719105863"
scene-000637,1635852040.000.json,"113.99798306486,22.60598962991","114.00297681536225,22.60312304837809"
scene-000638,1635852080.000.json,"113.99630420553,22.60645696548","114.00129373579071,22.603585367215402"
scene-000639,1635852180.000.json,"113.99478990466,22.60718571039","113.99977565577804,22.604309640881873"
scene-000640,1635852230.000.json,"113.99494482891,22.60624607707","113.99993091066824,22.603370334932922"
scene-000641,1635852310.000.json,"113.99464900718,22.60380069307","113.9996341854102,22.600923695588204"
scene-000642,1635852500.000.json,"114.00054907511,22.59920899319","114.00554889370511,22.596349212272614"
scene-000643,1635852540.000.json,"114.00276460400,22.59941570895","114.00777004911178,22.596562674413548"
scene-000644,1635852580.000.json,"114.00209066874,22.59795223008","114.00709431308132,22.595096948336156"
scene-000645,1635852620.000.json,"114.00019080611,22.59575924129","114.00518949464283,22.59289789643143"
scene-000646,1635852660.000.json,"113.99766230131,22.59424521637","114.00265448447321,22.591375999017682"
scene-000647,1635905760.000.json,"113.92372467098,22.64102027862","113.92859214190044,22.637990378364265"
scene-000648,1635905880.000.json,"113.91574506245,22.65006228131","113.92061191382147,22.647027774133324"
scene-000649,1635906350.000.json,"113.91158977815,22.66193520367","113.91645797555147,22.658900990740687"
scene-000650,1635906610.000.json,"113.91791871304,22.65874236417","113.92278613598621,22.655711112737382"
scene-000651,1635906750.000.json,"113.91757389947,22.65792607052","113.92244125206945,22.654894400907427"
scene-000652,1635906980.000.json,"113.92040427081,22.67044839579","113.9252727395469,22.667421635066486"
scene-000653,1635907530.000.json,"113.93461787806,22.68947958258","113.93949492439576,22.68647360507995"
scene-000654,1635907550.000.json,"113.93489176338,22.69049643224","113.9397691083803,22.687491106179372"
scene-000655,1635907765.000.json,"113.94425809844,22.68620725733","113.94914516247414,22.683216410715954"
scene-000656,1635908440.000.json,"113.92808531523,22.68073166868","113.93295724182015,22.677714988175016"
scene-000658,1635908560.000.json,"113.93000178842,22.68049185297","113.93487483422781,22.677477443077077"
scene-000659,1635908590.000.json,"113.93074024991,22.68051873321","113.93561378019373,22.677505269205174"
scene-000660,1635908620.000.json,"113.93164084739,22.68035096160","113.93651498993763,22.677338635581112"
scene-000661,1635908670.000.json,"113.93315614889,22.67986422222","113.93803139280519,22.676853841386244"
scene-000662,1635908690.000.json,"113.93316863038,22.67899901551","113.93804382910892,22.675988448025695"
scene-000663,1635908800.000.json,"113.93580180574,22.67744928822","113.94067912366968,22.674442171488575"
scene-000664,1635908840.000.json,"113.93728492243,22.67590765627","113.94216352860644,22.67290245721602"
scene-000665,1635908910.000.json,"113.93926556733,22.67198818232","113.9441459273598,22.668985264997513"
scene-000666,1635909130.000.json,"113.93513300269,22.67537665673","113.94000959605386,22.672368061710564"
scene-000667,1635909190.000.json,"113.93164061765,22.67539027571","113.93651444504826,22.672376788201344"
scene-000668,1635909220.000.json,"113.93081524002,22.67574588144","113.93568851770371,22.67273139555905"
scene-000669,1635909270.000.json,"113.92961695887,22.67637472303","113.9344895017529,22.67335886661818"
scene-000670,1635909660.000.json,"113.92232673202,22.67343392825","113.92719582845687,22.670409526773525"
scene-000671,1635909720.000.json,"113.92054950544,22.67411618450","113.92541823376683,22.6710903804933"
scene-000672,1635910060.000.json,"113.92012926981,22.64480184605","113.9249960643644,22.641769446223115"
scene-000673,1635910100.000.json,"113.92354140766,22.64104166572","113.92840881829869,22.638011590798158"
scene-000674,1635921660.000.json,"114.00526890214,22.59828268951","114.01028060360134,22.595437074984158"
scene-000675,1635921700.000.json,"114.00589582597,22.59946809693","114.01090918412149,22.59662454191371"
scene-000676,1635921770.000.json,"114.00707037030,22.60131779449","114.01208680261355,22.598478044133007"
scene-000677,1635921800.000.json,"114.00853424502,22.60152055787","114.01355436082916,22.59868523954597"
scene-000678,1635921900.000.json,"114.00924524383,22.60101811470","114.01426710418367,22.598184857653507"
scene-000679,1635922140.000.json,"114.01295539656,22.60760702753","114.01798687947768,22.60478580000168"
scene-000680,1635922210.000.json,"114.01701323577,22.61227515606","114.02205489627893,22.609466574684298"
scene-000681,1635922260.000.json,"114.02157862491,22.61397328690","114.02663120765475,22.611178115234193"
scene-000682,1635923640.000.json,"114.05160770620,22.62529131693","114.05671897189191,22.62257219860408"
scene-000683,1635923890.000.json,"114.05657166325,22.62927428174","114.06168977658808,22.626565335540153"
scene-000684,1635923940.000.json,"114.06007702508,22.62935490559","114.06519917670678,22.626652086953182"
scene-000685,1635924010.000.json,"114.06262865853,22.62883813548","114.0677533776729,22.626139363258613"
scene-000686,1635924373.000.json,"114.06608599419,22.62592888155","114.07121358583711,22.623234775309683"
scene-000687,1635924495.000.json,"114.06298868450,22.62259339661","114.06811333953897,22.619894104418844"
scene-000688,1635924550.000.json,"114.06145712606,22.62282814865","114.06658029377944,22.62012646716808"
scene-000689,1635925590.000.json,"114.03608568229,22.60539412265","114.04116908739228,22.602636621802322"
scene-000690,1635926280.000.json,"114.01706223701,22.61253520909","114.02210403219615,22.609726811268462"
scene-000691,1635926370.000.json,"114.01206787251,22.60719890892","114.01709714168533,22.604374985642647"
scene-000692,1635926560.000.json,"114.00225865108,22.59754235845","114.00726269451431,22.59468752906529"
scene-000693,1635927180.000.json,"113.96984947552,22.58696417518","113.97477468944912,22.584013410047856"
scene-000694,1637286140.000.json,"113.99809959187,22.59905434317","114.0030931918034,22.596187111648216"
scene-000695,1637286220.000.json,"113.99540809901,22.59601365551","114.0003946933907,22.593137851739126"
scene-000696,1637286260.000.json,"113.99422047891,22.59603246936","113.9992040778226,22.593153079224546"
scene-000697,1637286400.000.json,"113.99059592233,22.59905717571","113.99557062033836,22.596167298940458"
scene-000698,1637286460.000.json,"113.99196974306,22.60098642140","113.99694800157228,22.598100941153348"
scene-000699,1637286490.000.json,"113.99174609853,22.60199289202","113.99672386116464,22.59910688388823"
scene-000700,1637286660.000.json,"113.99652845894,22.60611298296","114.00151853439071,22.603242012329325"
scene-000701,1637286680.000.json,"113.99753137700,22.60576695052","114.00252396901722,22.602898966715536"
scene-000702,1637287200.000.json,"114.00217223548,22.59807968146","114.00717609462298,22.595224664690033"
scene-000703,1637287230.000.json,"114.00101339585,22.59668289108","114.00601422889495,22.593824167499854"
scene-000704,1637287950.000.json,"113.98398537026,22.57937828388","113.98894253240418,22.576466293594862"
scene-000705,1637288160.000.json,"113.98302643060,22.55598698182","113.98797978218896,22.55306984581777"
scene-000706,1637288350.000.json,"113.98385628343,22.54704873260","113.98881106675,22.54413331096389"
scene-000707,1637288440.000.json,"113.98792633850,22.54385858178","113.99289087198943,22.54095493892312"
scene-000708,1637289030.000.json,"113.99364797997,22.52822235298","113.9986257904049,22.525334935030344"
scene-000709,1637289080.000.json,"113.99057749717,22.52577336320","113.99554745618252,22.522876597604704"
scene-000710,1637289120.000.json,"113.98927973644,22.52611251316","113.9942464870761,22.52321188159905"
scene-000711,1637289190.000.json,"113.98991446028,22.52784025073","113.99488289931017,22.524941596836012"
scene-000712,1637289300.000.json,"113.98874275352,22.52935464006","113.99370837942598,22.526452562112716"
scene-000713,1637289330.000.json,"113.98947499627,22.53026531516","113.99444249743357,22.527365468191995"
scene-000714,1637289450.000.json,"113.99234715607,22.52679704910","113.99732160741378,22.52390564431477"
scene-000715,1637289570.000.json,"113.97911535627,22.52300849305","113.98405731194832,22.520077983952984"
scene-000716,1637289740.000.json,"113.95952139892,22.52291663731","113.96442194351401,22.519934419058227"
scene-000717,1637289840.000.json,"113.94704911410,22.52431384267","113.95192960158683,22.521304583255656"
scene-000718,1637289920.000.json,"113.93879597179,22.52567579178","113.94366657117106,22.522651800779613"
scene-000719,1637290000.000.json,"113.93563943515,22.52137708243","113.94050672237735,22.51834797669329"
scene-000720,1637290130.000.json,"113.93439972112,22.51795019159","113.93926571932579,22.514919134830922"
scene-000721,1637290260.000.json,"113.93364732994,22.51582892757","113.93851257709292,22.512796724684584"
scene-000722,1637290320.000.json,"113.93267844215,22.51078567328","113.93754261421081,22.50775197659958"
scene-000723,1637290390.000.json,"113.92989203338,22.50808005152","113.93475409834916,22.505042636405765"
scene-000724,1637290600.000.json,"113.92178956149,22.50793070533","113.92664805058732,22.504884592805077"
scene-000725,1637290640.000.json,"113.92084423326,22.50790952021","113.92570250808932,22.504862583179758"
scene-000726,1637291030.000.json,"113.91373591973,22.49693990822","113.91859327800753,22.49388790846993"
scene-000727,1637291070.000.json,"113.91256639264,22.49530241591","113.91742384385351,22.492249817917223"
scene-000728,1637291100.000.json,"113.91159058701,22.49346737631","113.91644813662124,22.490414327969237"
scene-000729,1637291140.000.json,"113.91024743057,22.49077695797","113.91510518013492,22.48772336753257"
scene-000730,1637291180.000.json,"113.90880691814,22.48786477950","113.91366497668163,22.484810708809512"
scene-000731,1637291220.000.json,"113.90747181348,22.48808329992","113.91233043084674,22.485028857199193"
scene-000732,1637291260.000.json,"113.90802667183,22.48967634692","113.91288515268766,22.48662204240545"
scene-000733,1637291320.000.json,"113.90826064039,22.49276952515","113.91311922064688,22.48971528325784"
scene-000734,1637291350.000.json,"113.90867384000,22.49448504694","113.91353236612333,22.491430930087212"
scene-000735,1637291390.000.json,"113.90946896860,22.49553293563","113.91432727156928,22.492479077412508"
scene-000736,1637291420.000.json,"113.90992474564,22.49617471191","113.91478293694323,22.493121015657"
scene-000737,1637291440.000.json,"113.91013777074,22.49660874243","113.91499592171591,22.493555126119062"
scene-000738,1637291479.000.json,"113.91158847005,22.49783200691","113.91644629517631,22.494778980081378"
scene-000739,1637291511.000.json,"113.91177147649,22.49826785309","113.91662928543445,22.495214909883135"
scene-000740,1637291570.000.json,"113.91314047957,22.49985371024","113.91799811306736,22.496801428674733"
scene-000741,1637291680.000.json,"113.91386087435,22.49716224776","113.91871822957971,22.494110316129664"
scene-000742,1637291700.000.json,"113.91327450054,22.49724104105","113.91813194729599,22.494188803750966"
scene-000743,1637291730.000.json,"113.91210216136,22.49803607246","113.9169598809191,22.49498327564517"
scene-000744,1637291770.000.json,"113.91106271235,22.49729552033","113.91592063801836,22.494242267987683"
scene-000745,1637291820.000.json,"113.90982865179,22.49605385712","113.91468686671848,22.493000125978106"
scene-000746,1637291840.000.json,"113.90964894581,22.49547105783","113.91450718362789,22.49241726077628"
scene-000747,1637291860.000.json,"113.91046802868,22.49511636455","113.91532598500939,22.49206286399588"
scene-000748,1637291890.000.json,"113.91160902978,22.49461879029","113.91646664746413,22.49156575338709"
scene-000749,1637291960.000.json,"113.91187572543,22.49450315169","113.9167332730248,22.491450231671543"
scene-000750,1637291990.000.json,"113.91270487317,22.49414821108","113.9175622250057,22.49109567507521"
scene-000751,1637292060.000.json,"113.91443739556,22.49302181862","113.91929442096722,22.48997018502251"
scene-000752,1637292160.000.json,"113.91241524330,22.49093211240","113.91727244933463,22.487879435152486"
scene-000753,1637292200.000.json,"113.91203405192,22.49170692796","113.91689138768618,22.48865407424358"
scene-000754,1637292250.000.json,"113.91300045456,22.49364499607","113.91785772087943,22.490592603482828"
scene-000755,1637292270.000.json,"113.91288466958,22.49408256092","113.91774198404511,22.491030112336666"
scene-000756,1637292310.000.json,"113.91229063967,22.49434014685","113.91714808608988,22.49128741514664"
scene-000757,1637292350.000.json,"113.91194133962,22.49448251652","113.91679887098773,22.49142962578059"
scene-000758,1637292390.000.json,"113.91037954353,22.49515834145","113.91523752894798,22.492104807418837"
scene-000759,1637292410.000.json,"113.90953111522,22.49553110498","113.91438939674778,22.49247726781436"
scene-000760,1637292460.000.json,"113.90851677582,22.49401722195","113.91337533316846,22.490963056723245"
scene-000761,1637292490.000.json,"113.90812640516,22.49240248325","113.9129850167486,22.489348203358375"
scene-000762,1637292510.000.json,"113.90813741467,22.49126545911","113.91299595012464,22.48821118223408"
scene-000763,1637292550.000.json,"113.90942239577,22.49087641854","113.91428042146623,22.487822535953594"
scene-000764,1637292570.000.json,"113.90980482712,22.49072349268","113.91466271403215,22.487669741853512"
scene-000765,1637292657.000.json,"113.91070741369,22.48913608905","113.91556492361124,22.48608267878116"
scene-000766,1637292870.000.json,"113.91004756877,22.48524298033","113.91490503212673,22.482189344445572"
scene-000767,1637292900.000.json,"113.91130532455,22.48467731018","113.91616239167797,22.48162417229025"
scene-000768,1637292960.000.json,"113.91007163808,22.48243117120","113.9149289167351,22.4793775740536"
scene-000769,1637292980.000.json,"113.90945479509,22.48226351986","113.91431226706777,22.479209708499468"
scene-000770,1637294392.000.json,"113.94742882401,22.51235489754","113.95230908168303,22.509345958469364"
scene-000772,1637303230.000.json,"113.97909550971,22.58721357668","113.98404151576557,22.584288391045167"
scene-000773,1637303360.000.json,"113.96482146489,22.58534864368","113.96973615539777,22.582384606139684"
scene-000774,1637303410.000.json,"113.96082956108,22.58507790430","113.96573648336258,22.582103943578293"
scene-000775,1637304510.000.json,"113.95480795570,22.54801147785","113.95970181221651,22.545019853687833"
scene-000776,1637305070.000.json,"113.94916511534,22.52514422258","113.95404866277805,22.522139213333833"
scene-000777,1637305380.000.json,"113.94664338813,22.50203996748","113.95152191096356,22.499029283289403"
scene-000778,1637305480.000.json,"113.94681839326,22.49244577636","113.95169654889945,22.48943536170754"
scene-000779,1637305655.000.json,"113.93942246182,22.48968754810","113.94429144431192,22.486663821629357"
scene-000780,1637305720.000.json,"113.93664244637,22.48780748377","113.94150853308831,22.484779326947592"
scene-000781,1637305880.000.json,"113.93474769365,22.49198621437","113.9396123475338,22.488955206079453"
scene-000782,1637306045.000.json,"113.93236077491,22.48953685145","113.93722336788984,22.486502483672286"
scene-000783,1637306190.000.json,"113.93105646211,22.49435387960","113.93591842702587,22.491317778172096"
scene-000784,1637306245.000.json,"113.93156507503,22.49598850318","113.9364274970735,22.49295307683148"
scene-000785,1637306390.000.json,"113.93435605271,22.49903769106","113.93922082085045,22.496006149460577"
scene-000786,1637306420.000.json,"113.93522657867,22.49835804077","113.94009204807223,22.49532776505415"
scene-000787,1637306440.000.json,"113.93553404035,22.49714860849","113.94039970441806,22.494118780079056"
scene-000788,1637306460.000.json,"113.93583704590,22.49659170840","113.9407029460199,22.49356233041066"
scene-000790,1637306510.000.json,"113.93594080563,22.49871003088","113.94080693321244,22.49568082590135"
scene-000791,1637306550.000.json,"113.93717593856,22.49905617322","113.94204324153428,22.496028868007656"
scene-000792,1637306590.000.json,"113.93775410312,22.49743411368","113.94262186695194,22.494407703981647"
scene-000793,1637306710.000.json,"113.93565002844,22.50156313028","113.94051607437078,22.498533519910836"
scene-000794,1637306740.000.json,"113.93568649590,22.50303069902","113.94055266705077,22.50000116389131"
scene-000795,1637306780.000.json,"113.93583214458,22.50445384490","113.94069853638491,22.501424551273544"
scene-000796,1637306810.000.json,"113.93615426878,22.50604273348","113.94102105361598,22.50301395543281"
scene-000797,1637306840.000.json,"113.93641796288,22.50725025044","113.94128506703262,22.504221898257182"
scene-000798,1637306905.000.json,"113.93880024132,22.50745059558","113.94366969396653,22.50442600913709"
scene-000799,1637306940.000.json,"113.93884341503,22.50641398043","113.94371284685967,22.503389443345053"
scene-000800,1637307060.000.json,"113.93698903054,22.50496946042","113.94185652780249,22.501941944917426"
scene-000801,1637307120.000.json,"113.93644982334,22.50738238311","113.94131696541521,22.50435408242304"
scene-000802,1637307206.000.json,"113.93883586134,22.50538544807","113.943705220416,22.50236087928788"
scene-000803,1637307230.000.json,"113.93886879920,22.50385536314","113.94373809577085,22.5008308218221"
scene-000804,1637307320.000.json,"113.93890761840,22.50173873819","113.94377682159181,22.498714229077734"
scene-000805,1637307340.000.json,"113.93877737696,22.50093847587","113.94364639487475,22.497913744285427"
scene-000806,1637307370.000.json,"113.93746581557,22.50088757549","113.94233351466852,22.497860744579775"
scene-000807,1637307450.000.json,"113.93778272795,22.49746494098","113.94265052199555,22.49443857690328"
scene-000808,1637307670.000.json,"113.93605229923,22.50571346030","113.94091897011026,22.502684521420832"
scene-000809,1637307770.000.json,"113.93695832272,22.50939991388","113.94182607040648,22.5063724417964"
scene-000810,1637307830.000.json,"113.93704287680,22.51190604757","113.9419108633471,22.508878769993988"
scene-000811,1637307860.000.json,"113.93702830247,22.51279496453","113.94189633121904,22.509767688685987"
scene-000812,1637307945.000.json,"113.93835998310,22.51308636006","113.94322934110718,22.510061199898512"
scene-000813,1637308040.000.json,"113.93978182238,22.51666111865","113.94465289161948,22.513638399094607"
scene-000814,1637308070.000.json,"113.94000770144,22.51774733219","113.94487908337662,22.514725027269098"
scene-000815,1637309440.000.json,"113.91516632396,22.50014997936","113.92002373424286,22.497098812655086"
scene-000816,1637309470.000.json,"113.91413494173,22.50034360818","113.91899246264981,22.49729185455723"
scene-000817,1637309490.000.json,"113.91343487868,22.50027836826","113.91829249150706,22.49722624141316"
scene-000818,1637309520.000.json,"113.91256014080,22.49909651183","113.91741783230405,22.496043938214545"
scene-000819,1637309550.000.json,"113.91209931084,22.49851452146","113.91695706116955,22.495461727482972"
scene-000820,1637309570.000.json,"113.91159458326,22.49839680987","113.91645244249204,22.495343790451688"
scene-000821,1637309620.000.json,"113.91129645305,22.49858221781","113.91615439842802,22.49552907290042"
scene-000822,1637309660.000.json,"113.91130203976,22.49749443640","113.91615991515941,22.494441284774013"
scene-000823,1637309690.000.json,"113.91023726877,22.49682081249","113.91509540224516,22.493767234366274"
scene-000824,1637309730.000.json,"113.90980144771,22.49596267040","113.91465966581738,22.492908929141386"
scene-000825,1637309795.000.json,"113.90859668096,22.49424524325","113.91345522164657,22.491191102425624"
scene-000826,1637309860.000.json,"113.90810729875,22.49146632723","113.91296585917942,22.488412041891767"
scene-000827,1637309910.000.json,"113.90764574117,22.48905184475","113.91250434372152,22.48599744162602"
scene-000828,1637309935.000.json,"113.90738144574,22.48808111794","113.91224010293759,22.485026653009907"
scene-000829,1637309965.000.json,"113.90793999174,22.48745577251","113.91279836874718,22.48440145415032"
scene-000830,1637310010.000.json,"113.90795534329,22.48617742960","113.91281363336539,22.483123123907966"
scene-000831,1637310420.000.json,"113.91132937243,22.49278512570","113.91618694411865,22.489731964582003"
scene-000832,1637311210.000.json,"113.92403957687,22.50778933457","113.92889873566881,22.50474534131976"
scene-000833,1637311280.000.json,"113.92697830881,22.50784160660","113.93183871952779,22.504800725760717"
scene-000834,1637311350.000.json,"113.92697831928,22.50784165192","113.93183873000581,22.504800771093453"
scene-000835,1637311790.000.json,"113.94646993457,22.50803774399","113.9513486007546,22.505026830625297"
scene-000836,1637311810.000.json,"113.94741460704,22.50737938665","113.95229453029303,22.50437029948907"
scene-000837,1637313050.000.json,"113.95314494651,22.57486266730","113.9580377711936,22.571869858752738"
scene-000838,1637313120.000.json,"113.95248193234,22.57735883295","113.95737385310585,22.574364869625"
scene-000839,1638236280.000.json,"113.99097466521,22.60505586123","113.99595069397759,22.60216798411914"
scene-000840,1638236360.000.json,"113.98623701520,22.60575921692","113.9912013532461,22.602857333492192"
scene-000841,1638236420.000.json,"113.98152329730,22.60779685213","113.9864763592416,22.604881488252467"
scene-000842,1638236460.000.json,"113.98047540223,22.61153345596","113.98542621309605,22.60861564391582"
scene-000843,1638236490.000.json,"113.97844879515,22.61388326667","113.98339499432187,22.610960030496848"
scene-000844,1638236530.000.json,"113.97663286267,22.61617656620","113.98157500660513,22.61324856688658"
scene-000845,1638236560.000.json,"113.97402347873,22.61731567042","113.97895977561372,22.614380594238675"
scene-000847,1638236630.000.json,"113.97391416833,22.62353558669","113.97885061774768,22.62060124684848"
scene-000848,1638236660.000.json,"113.97626950087,22.62287627741","113.98121124009003,22.619948369046806"
scene-000849,1638236700.000.json,"113.97721137288,22.62414873278","113.98215535810375,22.621223688608172"
scene-000850,1638236720.000.json,"113.97720715120,22.62419992414","113.98215112995496,22.62127487683968"
scene-000851,1638236865.000.json,"113.97280225445,22.62653643805","113.97773642097495,22.623599566318994"
scene-000852,1638236910.000.json,"113.96992626841,22.62947204548","113.97485435788654,22.626527930755262"
scene-000853,1638236965.000.json,"113.96868016868,22.63020448399","113.97360565506156,22.627257197984967"
scene-000854,1638236990.000.json,"113.96770337701,22.63113688380","113.97262687436445,22.62818720348489"
scene-000855,1638237020.000.json,"113.96684972601,22.63333191528","113.97177159431868,22.63038041388036"
scene-000857,1638237200.000.json,"113.95134096644,22.63498227069","113.95623475692283,22.6319944639264"
scene-000858,1638237300.000.json,"113.94715179549,22.64042894713","113.95203978660406,22.63743364606835"
scene-000859,1638237320.000.json,"113.94690257941,22.64028468233","113.95179021753349,22.63728886744623"
scene-000860,1638237530.000.json,"113.93651055332,22.62989769129","113.94138550325175,22.62688183960069"
scene-000861,1638237580.000.json,"113.93501179524,22.62903127776","113.93988534234813,22.626013020562517"
scene-000862,1638238545.000.json,"113.91857487145,22.65963420711","113.92344240215152,22.656603626960706"
scene-000863,1638239470.000.json,"113.91837639121,22.68969353874","113.92324581111383,22.686669736758407"
scene-000864,1638239550.000.json,"113.91455313360,22.69729045238","113.91942306576213,22.69426606091784"
scene-000865,1638239750.000.json,"113.91849183987,22.69899935837","113.92336186060898,22.69597798801046"
scene-000866,1638239770.000.json,"113.92002484509,22.70009049503","113.92489512953755,22.697070600490935"
scene-000867,1638239880.000.json,"113.92482368585,22.70054098802","113.92969533626362,22.697525631480108"
scene-000868,1638240010.000.json,"113.92521397478,22.70408410237","113.93008600734275,22.701070073950493"
scene-000869,1638240050.000.json,"113.92444188302,22.70848234363","113.92931389124432,22.70546868547451"
scene-000872,1638240260.000.json,"113.92355037919,22.72204001329","113.92842293350257,22.719029186379103"
scene-000873,1638240280.000.json,"113.92332086900,22.72362189659","113.92819344877181,22.720611293474313"
scene-000874,1638240320.000.json,"113.92284763840,22.72696314487","113.9277202836738,22.723953041256085"
scene-000875,1638240490.000.json,"113.92942381633,22.72823007376","113.93429953559513,22.725227477424525"
scene-000876,1638240540.000.json,"113.93355994314,22.72866127390","113.93843860864025,22.725664263598535"
scene-000877,1638240780.000.json,"113.94220649492,22.73276312946","113.94709401076966,22.729781050312383"
scene-000878,1638240810.000.json,"113.94350083214,22.73511960941","113.94839006284718,22.732140538021216"
scene-000879,1638240850.000.json,"113.94465210530,22.73750947175","113.94954293901377,22.73453322222743"
scene-000880,1638240870.000.json,"113.94597936639,22.73741222322","113.95087193423164,22.73443844868286"
scene-000881,1638240900.000.json,"113.94797198851,22.73720908724","113.95286729030285,22.73423913685244"
scene-000882,1638240930.000.json,"113.94858670171,22.73633521546","113.95348282714747,22.73336623502389"
scene-000883,1638240950.000.json,"113.94857515222,22.73501978521","113.95347117709211,22.732050394284958"
scene-000884,1638241040.000.json,"113.94875149260,22.73697353403","113.95364789703157,22.734005073737933"
scene-000885,1638241080.000.json,"113.94916526034,22.73932887561","113.95406241801615,22.736361951407023"
scene-000886,1638241120.000.json,"113.95124780491,22.73896618248","113.95614807511554,22.73600345720836"
scene-000887,1638241250.000.json,"113.95437517252,22.73922568405","113.95928047556619,22.736269790970812"
scene-000888,1638241270.000.json,"113.95447684628,22.74070128478","113.95938241268428,22.737746057479246"
scene-000889,1638241300.000.json,"113.95409930457,22.74279654489","113.95900437870742,22.73984111206589"
scene-000890,1638241330.000.json,"113.95205280099,22.74438433102","113.95695467353637,22.74142493840756"
scene-000891,1638241350.000.json,"113.95090672571,22.74495351108","113.9558068531193,22.74199186863404"
scene-000892,1638241370.000.json,"113.94958709690,22.74502531341","113.95448523971535,22.742060961614197"
scene-000893,1638241400.000.json,"113.94910224332,22.74401248512","113.95399960757189,22.74104683891592"
scene-000894,1638241420.000.json,"113.94903926164,22.74234943354","113.95393642770925,22.739383158082852"
scene-000895,1638241460.000.json,"113.94830518821,22.74055801803","113.95320117844318,22.737589727954422"
scene-000896,1638241490.000.json,"113.94639474315,22.74108199706","113.95128810443346,22.73811011296081"
scene-000897,1638241550.000.json,"113.94449374295,22.74149805842","113.94938462812735,22.738522703669357"
scene-000898,1638241570.000.json,"113.94396295245,22.74204510755","113.94885320028509,22.73906893798368"
scene-000899,1638241640.000.json,"113.94445858982,22.74740619675","113.94934980683257,22.74443256581807"
scene-000900,1638241660.000.json,"113.94507149756,22.74833140617","113.94996356343765,22.74535920162784"
scene-000901,1638241700.000.json,"113.94670699563,22.74831826686","113.95160124363666,22.7453491793242"
scene-000902,1638241720.000.json,"113.94670698573,22.74831830738","113.95160123372571,22.74534921983742"
scene-000903,1638241750.000.json,"113.94810253920,22.74820953367","113.95299872830336,22.7452431556776"
scene-000904,1638241790.000.json,"113.94914698101,22.74656607361","113.9540445737109,22.7436012934428"
scene-000905,1638241820.000.json,"113.94911977041,22.74525377429","113.9540172395212,22.74228853972554"
scene-000906,1638241910.000.json,"113.94909901705,22.74393269099","113.95399637149025,22.740967014116404"
scene-000907,1638241960.000.json,"113.94867713835,22.74046413441","113.95357365781823,22.737496562298354"
scene-000908,1638242020.000.json,"113.94419003901,22.74151179433","113.9490805390077,22.73853588216274"
scene-000909,1638242060.000.json,"113.94419009418,22.74151184170","113.9490805942505,22.738535929648634"
scene-000910,1638242140.000.json,"113.94371386358,22.74123059113","113.94860374807035,22.73825372140904"
scene-000911,1638242160.000.json,"113.94357887435,22.74008824928","113.94846851833601,22.737110791823337"
scene-000912,1638242180.000.json,"113.94293239252,22.73971569965","113.9478212202684,22.73673696302884"
scene-000913,1638242200.000.json,"113.94150929504,22.73988098333","113.94639645093547,22.736899783032612"
scene-000914,1638242220.000.json,"113.94002067689,22.74006885719","113.94490617742439,22.737085170733916"
scene-000915,1638242240.000.json,"113.93905172458,22.74034217305","113.94393620870224,22.737356961566515"
scene-000916,1638242260.000.json,"113.93853417240,22.73941076929","113.94341806176713,22.73642443731244"
scene-000917,1638242290.000.json,"113.93770891204,22.73825398623","113.94259189830046,22.73526598946931"
scene-000918,1638242330.000.json,"113.93921766606,22.73740755702","113.94410213740146,22.734421744958272"
scene-000919,1638242420.000.json,"113.94336293632,22.73581127692","113.9482520410542,22.732832158944554"
scene-000920,1638242440.000.json,"113.94321443116,22.73497748166","113.94810330051193,22.731997849942992"
scene-000921,1638242510.000.json,"113.94321417876,22.73497701880","113.94810304777347,22.731997386491443"
scene-000922,1638242560.000.json,"113.94073274478,22.73139919287","113.94561847868061,22.728414158515797"
scene-000923,1638242640.000.json,"113.93191189991,22.72870568078","113.93678931078796,22.725706418565462"
scene-000924,1638242750.000.json,"113.92488560889,22.72797683196","113.9297590272922,22.72496902788267"
scene-000925,1638242850.000.json,"113.92256755635,22.72711515004","113.92744012938321,22.72410482824029"
scene-000926,1638242880.000.json,"113.92300752717,22.72452213509","113.92788006570375,22.721511487605117"
scene-000927,1638242900.000.json,"113.92325215995,22.72306984284","113.9281246826377,22.72005901794462"
scene-000928,1638242980.000.json,"113.92385222273,22.71909992261","113.9287246927514,22.71608856944975"
scene-000929,1638243020.000.json,"113.92363170999,22.71692652328","113.92850396651284,22.713914352196664"
scene-000930,1638243040.000.json,"113.92348693899,22.71635242133","113.92835911080881,22.71333995135064"
scene-000931,1638243060.000.json,"113.92325858235,22.71519529666","113.92813060660963,22.71218228884128"
scene-000932,1638243080.000.json,"113.92310565236,22.71360704186","113.9279775275125,22.71059345405856"
scene-000933,1638243340.000.json,"113.92525765220,22.69736727040","113.93012927614598,22.694351548621867"
scene-000934,1638243380.000.json,"113.92523633644,22.69626237068","113.93010788140474,22.69324634509939"
scene-000935,1638243510.000.json,"113.92952772991,22.69322190773","113.9344012875831,22.690210013019513"
scene-000936,1638243770.000.json,"113.93812701177,22.68800328597","113.94300721714457,22.68500230609912"
scene-000937,1638243820.000.json,"113.93977972626,22.68649608958","113.94466155639901,22.68349744244588"
scene-000938,1638243920.000.json,"113.94610100659,22.68614004366","113.95099047145952,22.6831526474758"
scene-000939,1638244310.000.json,"113.95931010777,22.68796122611","113.96422076359178,22.685002708212938"
scene-000940,1638244330.000.json,"113.95916981565,22.68818178005","113.96408022891002,22.685222983620385"
scene-000941,1638244350.000.json,"113.95926245380,22.68794138441","113.96417302110984,22.6849827485884"
scene-000942,1638244370.000.json,"113.95927916564,22.68788928601","113.96418976021336,22.684930677056514"
scene-000943,1638244400.000.json,"113.95936662727,22.68722327166","113.96427733957813,22.684264707284637"
scene-000944,1638244440.000.json,"113.95936698758,22.68722342191","113.96427770055833,22.684264858427095"
scene-000945,1638244800.000.json,"113.97993469010,22.67389432812","113.98488821668398,22.670987022233454"
scene-000946,1638244840.000.json,"113.98255604809,22.66925616285","113.98751551946512,22.666355372905024"
scene-000947,1638244880.000.json,"113.98440290205,22.66406718062","113.98936650230473,22.661170634041262"
scene-000948,1638244920.000.json,"113.98874557937,22.66047190532","113.99371961470236,22.65758742458833"
scene-000949,1638244980.000.json,"113.99359367524,22.65406684071","113.99857942402569,22.651195554255487"
scene-000950,1638245060.000.json,"113.99893519117,22.64476133620","114.00393384963677,22.64190433981892"
scene-000951,1638245160.000.json,"114.00323701511,22.63303838092","114.00824582157907,22.630192210944163"
scene-000952,1638245200.000.json,"114.00614679757,22.62902196350","114.01116269296247,22.626183870221343"
scene-000953,1638245240.000.json,"114.00822288416,22.62492971020","114.01324373049398,22.622097153803818"
scene-000954,1638245280.000.json,"114.00829466548,22.61979004921","114.0133153599559,22.61695683891525"
scene-000955,1638245340.000.json,"114.00853022803,22.61258141788","114.0135510471285,22.609747750074902"
scene-000956,1638245390.000.json,"114.01099996279,22.60662991337","114.01602655206827,22.60380272464382"
scene-000957,1638245430.000.json,"114.01119714578,22.60267725436","114.01622396888716,22.599850071263546"
scene-000958,1638245470.000.json,"114.00864023729,22.60462134416","114.01366081820487,22.601786794787362"
scene-000959,1638245500.000.json,"114.00956009654,22.60516778234","114.01458301011881,22.60233607199296"
scene-000960,1638245580.000.json,"114.00346819421,22.59972490877","114.00847543968534,22.596874049109513"
scene-000961,1638254500.000.json,"113.98390508742,22.59491436412","113.98886304909769,22.592004084733766"
scene-000962,1638254550.000.json,"113.98222377409,22.59366349317","113.98717760632807,22.590748146096196"
scene-000963,1638254570.000.json,"113.98181006103,22.59313334272","113.9867628695454,22.5902167255773"
scene-000964,1638254590.000.json,"113.98104217030,22.59220235013","113.98599308937435,22.589283390353078"
scene-000965,1638254610.000.json,"113.98057649993,22.59163036686","113.98552627747236,22.58870999044664"
scene-000966,1638254630.000.json,"113.97979538593,22.59074569891","113.98474326177855,22.58782296464938"
scene-000967,1638254650.000.json,"113.97882327472,22.58995881267","113.98376881904173,22.58703319991729"
scene-000968,1638254680.000.json,"113.97804962412,22.58953878286","113.98299333850692,22.58661091788081"
scene-000969,1638254710.000.json,"113.97767430196,22.58820006891","113.98261706019709,22.585270970718437"
scene-000970,1638254730.000.json,"113.97732538247,22.58757134733","113.98226729360977,22.584641184237803"
scene-000971,1638254760.000.json,"113.97469236413,22.58759608242","113.97962826709407,22.584658559738823"
scene-000972,1638254860.000.json,"113.96869671131,22.58530570771","113.97361936992445,22.582351683328564"
scene-000973,1638254960.000.json,"113.96082466080,22.58507701767","113.96573157381617,22.582103044984184"
scene-000974,1638255000.000.json,"113.96065494251,22.58503006567","113.96556153403223,22.582055677068468"
scene-000975,1638255040.000.json,"113.95710374851,22.58404084231","113.96200382993231,22.58105795407183"
scene-000976,1638255290.000.json,"113.94929957410,22.58115432383","113.95418686710757,22.578154138935634"
scene-000977,1638255780.000.json,"113.95271098676,22.56071208005","113.95760221671749,22.557716911712344"
scene-000978,1638255800.000.json,"113.95249571452,22.55985421332","113.95738654687875,22.556858503754977"
scene-000979,1638255820.000.json,"113.95131925750,22.55982516970","113.95620824303681,22.556826953424057"
scene-000980,1638255840.000.json,"113.95113057511,22.56072790284","113.95601932682361,22.557729371332645"
scene-000981,1638255860.000.json,"113.95111225566,22.56166782445","113.95600103877365,22.558669340797323"
scene-000982,1638255880.000.json,"113.95109505063,22.56265135967","113.95598386963677,22.559652931459475"
scene-000983,1638255980.000.json,"113.95225786413,22.56330879433","113.95714853835551,22.560312893645055"
scene-000984,1638256020.000.json,"113.95294454229,22.56466690370","113.95783639736126,22.56167261093627"
scene-000985,1638256040.000.json,"113.95279601372,22.56611780568","113.9576877225464,22.563123332963375"
scene-000986,1638256060.000.json,"113.95339803447,22.56668783603","113.95829075026626,22.563694725854617"
scene-000987,1638256120.000.json,"113.94964960983,22.56512372434","113.95453640290566,22.56212253402761"
scene-000988,1638256160.000.json,"113.94520142986,22.56550823265","113.95008204509062,22.562498335722644"
scene-000989,1638256200.000.json,"113.93989709492,22.56579128218","113.94477139497381,22.562771980267975"
scene-000990,1638256250.000.json,"113.93291296264,22.56647650021","113.93778083200147,22.563446590544523"
scene-000991,1638256300.000.json,"113.92667289931,22.56756641097","113.93153693196219,22.564528830109147"
scene-000992,1638256340.000.json,"113.92223675135,22.56598024602","113.92709901996436,22.562938019133483"
scene-000993,1638256420.000.json,"113.91446523830,22.55906120825","113.91932642643738,22.556012597301045"
scene-000994,1638256480.000.json,"113.90894395518,22.55381174583","113.9138061218732,22.550760265520946"
scene-000995,1638256540.000.json,"113.90207425996,22.55026867195","113.90693986687944,22.54721580497462"
scene-000996,1638256590.000.json,"113.89714096611,22.54729696422","113.90201038152793,22.54424436087952"
scene-000997,1638256880.000.json,"113.88524954135,22.52410379919","113.89013159857647,22.521055224138376"
scene-000998,1638256920.000.json,"113.88491056670,22.52375063655","113.88979309215276,22.520702282997547"
scene-000999,1638257110.000.json,"113.88056597589,22.52133208681","113.88545504498906,22.518287052381115"
scene-001000,1638257160.000.json,"113.87643025915,22.51747432849","113.88132613782668,22.514433046250456"
scene-001001,1638257210.000.json,"113.87696345093,22.51270442778","113.88185808257845,22.509662461622085"
scene-001002,1638257250.000.json,"113.87937981279,22.50875692501","113.8842700435526,22.505712555523843"
scene-001003,1638257290.000.json,"113.88196562900,22.50453691954","113.8868513972034,22.50149023363386"
scene-001004,1638257330.000.json,"113.88446131376,22.50046357320","113.88934302507423,22.49741490963552"
scene-001005,1638257370.000.json,"113.88686439684,22.49626384443","113.89174242369073,22.493213521089213"
scene-001006,1638257430.000.json,"113.88833897539,22.49016450806","113.89321463819498,22.487113289424663"
scene-001007,1638257510.000.json,"113.88713408574,22.48249203659","113.89201087464437,22.479441590198174"
scene-001008,1638257580.000.json,"113.88627496312,22.48241019049","113.89115293213838,22.479360290546694"
scene-001009,1638257600.000.json,"113.88575632925,22.48199647280","113.89063500252928,22.47894692141437"
scene-001010,1638257620.000.json,"113.88580362098,22.48196708209","113.89068222534512,22.478917499359603"
scene-001011,1638257640.000.json,"113.88592609387,22.48224134276","113.89080454230553,22.47919167469143"
scene-001012,1638257680.000.json,"113.88508560707,22.48293558452","113.88996530061218,22.47988648075169"
scene-001013,1638257700.000.json,"113.88440930868,22.48340655181","113.88929001958877,22.480357923346507"
scene-001014,1638257720.000.json,"113.88470665550,22.48369999080","113.88958694839837,22.480651145552724"
scene-001015,1638257740.000.json,"113.88580330779,22.48379138541","113.89068202772643,22.48074178106257"
scene-001016,1638257760.000.json,"113.88689244582,22.48412528439","113.89176966804426,22.481074969875188"
scene-001017,1638257780.000.json,"113.88767513679,22.48452670101","113.8925513234548,22.48147590341592"
scene-001018,1638257800.000.json,"113.88801062940,22.48515942410","113.89288640913192,22.482108422680685"
scene-001019,1638257820.000.json,"113.88812859368,22.48616733169","113.89300428101286,22.483116253439718"
scene-001020,1638257860.000.json,"113.88830430646,22.48849950555","113.89317990967821,22.485448312250785"
scene-001021,1638257880.000.json,"113.88778015487,22.48964495815","113.89265652411007,22.486594065697542"
scene-001022,1638257900.000.json,"113.88711411249,22.49060232342","113.89199144039692,22.487551832150274"
scene-001023,1638257920.000.json,"113.88670259776,22.49122124103","113.8915805290075,22.488171006965807"
scene-001024,1638257940.000.json,"113.88750434972,22.49084813424","113.89238116459022,22.48779740415222"
scene-001025,1638257960.000.json,"113.88804993114,22.49054764842","113.89292599883026,22.487496595508066"
scene-001026,1638258000.000.json,"113.88868401506,22.48944683684","113.89355918275923,22.48639542577931"
scene-001027,1638258020.000.json,"113.88985125789,22.48925777827","113.8947249296013,22.486205745745817"
scene-001028,1638258060.000.json,"113.89238775859,22.48691901517","113.89725826072068,22.4838658333092"
scene-001029,1638258160.000.json,"113.89699225336,22.48270868545","113.90185773106319,22.479654118773098"
scene-001030,1638258220.000.json,"113.89847906366,22.48098819448","113.90334310078414,22.47793338301996"
scene-001031,1638258240.000.json,"113.89845251066,22.48039106848","113.90331653306242,22.477336269854053"
scene-001032,1638258260.000.json,"113.89699479186,22.48056768366","113.90186013227478,22.477513145593225"
scene-001033,1638258280.000.json,"113.89593909160,22.48111757241","113.90080547353477,22.47806327365878"
scene-001034,1638258300.000.json,"113.89526622588,22.48192809460","113.90013332693516,22.47887396706946"
scene-001035,1638258320.000.json,"113.89466109299,22.48220577282","113.89952882972577,22.479151822031028"
scene-001036,1638258340.000.json,"113.89439363515,22.48202331986","113.89926163883563,22.478969456069972"
scene-001037,1638258380.000.json,"113.89519669431,22.48195064203","113.9000638669809,22.478896534140254"
scene-001038,1638258400.000.json,"113.89560935901,22.48119646481","113.90047607073174,22.478142251912626"
scene-001039,1638258450.000.json,"113.89271218764,22.48117274202","113.89758196119648,22.478119490479482"
scene-001040,1638258500.000.json,"113.89129701272,22.48114835191","113.89616841614243,22.478095697127916"
scene-001041,1638258580.000.json,"113.88863760691,22.48135151878","113.89351232409211,22.478300203127244"
scene-001042,1638258620.000.json,"113.88800321102,22.48068195118","113.89287871810551,22.477631007401538"
scene-001043,1638258640.000.json,"113.88810172362,22.48071605514","113.89297710251972,22.47766505355807"
scene-001044,1638258690.000.json,"113.88874503345,22.48193713407","113.89361964835102,22.47888575070313"
scene-001045,1638258870.000.json,"113.88764473057,22.48325387134","113.89252087766084,22.48020310540907"
scene-001046,1638258890.000.json,"113.88834344542,22.48459842346","113.89321875116752,22.48154723533334"
scene-001047,1638258910.000.json,"113.88887900902,22.48640288108","113.8937537326975,22.483351378149614"
scene-001048,1638258930.000.json,"113.88888194375,22.48838331561","113.89375678859632,22.485331799340013"
scene-001049,1638258950.000.json,"113.88856983202,22.49024347892","113.89344519828502,22.48719212954593"
scene-001050,1638258970.000.json,"113.88826580048,22.49209402771","113.89314168109443,22.489042849117638"
scene-001051,1638258990.000.json,"113.88796380723,22.49394916986","113.89284020371264,22.490898169132752"
scene-001052,1638259010.000.json,"113.88716624373,22.49604665366","113.8920438443071,22.492996141118855"
scene-001053,1638259030.000.json,"113.88602096653,22.49816080733","113.89090028608184,22.495111041758243"
scene-001054,1638259050.000.json,"113.88469881483,22.50033563065","113.88958016956482,22.49728679526464"
scene-001055,1638259070.000.json,"113.88407204041,22.50136075572","113.88895438455636,22.49831238693808"
scene-001056,1638259090.000.json,"113.88322421984,22.50274685153","113.88810792760155,22.499699139941285"
scene-001057,1638259190.000.json,"113.87725436690,22.51251436661","113.88214847522406,22.509472106964935"
scene-001058,1638259230.000.json,"113.87608512967,22.51631306258","113.8809815521932,22.51327209356736"
scene-001059,1638259330.000.json,"113.88309162214,22.52227824980","113.88797676655982,22.519231179805015"
scene-001060,1638259360.000.json,"113.88437220333,22.52253405340","113.88925544061698,22.51948603392352"
scene-001061,1638259380.000.json,"113.88499907329,22.52180762111","113.88988134738678,22.518759125153142"
scene-001062,1638259410.000.json,"113.88599837865,22.52082221045","113.89087916152918,22.517772994376227"
scene-001063,1638259430.000.json,"113.88658545386,22.52065228157","113.89146540576621,22.517602676765584"
scene-001064,1638259490.000.json,"113.88879929914,22.52259275935","113.8936764103982,22.519541912675564"
scene-001065,1638259540.000.json,"113.88977841563,22.52366169346","113.89465435015735,22.520610370441098"
scene-001066,1638259570.000.json,"113.89152178652,22.52582229014","113.89639574430234,22.522770230519715"
scene-001067,1638259630.000.json,"113.89194797879,22.52650002451","113.8968214828803,22.52344781156807"
scene-001068,1638259760.000.json,"113.89287833723,22.52963962220","113.89775098347235,22.52658718452819"
scene-001069,1638259800.000.json,"113.89287717581,22.53108007941","113.89774991433136,22.528027716126587"
scene-001070,1638259840.000.json,"113.89283531195,22.53329519003","113.89770823710369,22.53024296197537"
scene-001071,1638259860.000.json,"113.89289896112,22.53441477476","113.89777188601543,22.531362584798757"
scene-001072,1638259880.000.json,"113.89313313767,22.53488605953","113.89800583271303,22.53183380755284"
scene-001073,1638259920.000.json,"113.89437266112,22.53498385338","113.8992440286463,22.531931174644562"
scene-001074,1638259970.000.json,"113.89640712998,22.53498889726","113.90127645789296,22.53193564924203"
scene-001075,1638260010.000.json,"113.89640756658,22.53498878312","113.90127689406802,22.53193553499207"
scene-001076,1638260060.000.json,"113.89734849045,22.53500358076","113.90221693873687,22.53195012953367"
scene-001077,1638260210.000.json,"113.90174175661,22.53506766986","113.90660663755416,22.53201377527405"
scene-001078,1638260680.000.json,"113.91124379278,22.53526832263","113.91610406509555,22.53221638448419"
scene-001079,1638260730.000.json,"113.91401113073,22.53549213452","113.91887088333989,22.53244153724938"
scene-001080,1638260760.000.json,"113.91445936086,22.53693013381","113.91931915246171,22.53387986912431"
scene-001081,1638260940.000.json,"113.91506772834,22.54062469670","113.91992769835653,22.537575013422536"
scene-001082,1638261280.000.json,"113.92835793314,22.54257892200","113.9332212628818,22.539541179605354"
scene-001083,1638261380.000.json,"113.94129381436,22.54278404758","113.94616821066808,22.539765215646835"
scene-001084,1638261640.000.json,"113.95386781814,22.54327175714","113.95875981581464,22.540277714146207"
